条目ID,作品中文检索名,原题,作者,主要出版版本年,版本与年代备注,语言与文学语境,体裁,收录边界,底层议题,分支标签,故事所在时代,主体历时粗分,最大时间视野,核心问题,科学前提分类,科学前提分析,核查来源,证据与解释边界
early01,真实的故事,Alēthē diēgēmata / True History,卢奇安,170,约公元2世纪；170仅供排序，并非已知初刊年,古希腊语·叙利亚—希腊传统,前史叙事,科幻前史,知识与认识 | 殖民与他者,科幻前史 | 科学奇幻,古代幻想航行,待核,无可核的长时域背景,当叙述者公开承认虚构时，读者如何识别权威知识中的谎言？,混合或不适用,讽刺性奇航；不以现代科学可行为目标,https://sf-encyclopedia.com/entry/lucian | https://api.pageplace.de/preview/DT0400.9780192665423_A42194581/preview-9780192665423_A42194581.pdf,SFE支持前史定位与月球战争题材；牛津学术版预览将作者写作活动置于160—约185年，无法确定本作精确年份；170为排序占位。
early02,新大西岛,New Atlantis,弗朗西斯·培根,1627,1626年与《森林集》合刊；1627年独立小册形态,英语·英国,前史叙事,科幻前史,知识与认识 | 权力与制度 | 技术与责任,科幻前史 | 乌托邦,未知岛屿的理想社会,待核,理想社会形成史未精确界定,由少数专家组织的知识生产，应如何接受公众约束？,混合或不适用,自然哲学与制度寓言；含科学机构想象,https://sf-encyclopedia.com/entry/proto_sf,来源支持书目年代与题材；底层议题、分支交叉标签和主体时间粗分为研究者解释，不是来源原句。
early03,梦,Somnium,约翰内斯·开普勒,1634,身后拉丁文版；1609年已有叙事稿，1593年思想原型,拉丁语·德意志,前史叙事,科幻前史,知识与认识 | 生命与人类定义,科幻前史 | 第一接触,月球观察者的假想世界,待核,无可核长时域；借月球昼夜描述自然周期,离开地球中心的观察位置，是否会改变人对真理与自身地位的理解？,混合或不适用,月球天文学与魔鬼运输框架并存,https://sf-encyclopedia.com/entry/kepler_johannes,来源支持书目年代与题材；底层议题、分支交叉标签和主体时间粗分为研究者解释，不是来源原句。
early04,炽烈的世界,"The Description of a New World, Called the Blazing-World",玛格丽特·卡文迪什,1666,1666年独立出版及与自然哲学著作合刊均有版本,英语·英国,前史叙事,科幻前史,知识与认识 | 权力与制度 | 性别与亲密,科幻前史 | 乌托邦 | 女性主义科幻,相连异世界的帝国,待核,无可核的长时域背景,被科学与政治机构排除的人，能否通过想象重新取得发言权？,混合或不适用,自然哲学讽刺与奇幻世界；不宜按预测评分,https://sf-encyclopedia.com/entry/cavendish_margaret,来源支持书目年代与题材；底层议题、分支交叉标签和主体时间粗分为研究者解释，不是来源原句。
early05,2440年,L'an deux mille quatre cent quarante: Rêve s'il en fût jamais,路易—塞巴斯蒂安·梅西耶,1771,1771年法文版；1772年英译改题并将年份改作2500,法语·法国,前史叙事,科幻前史,权力与制度 | 文明与历史,科幻前史 | 乌托邦,从18世纪巴黎梦至2440年,多尺度或非线性,18世纪至2440年，约五百年跳跃,理性秩序的理想，是否遮蔽了社会改革中的分歧与权力？,混合或不适用,睡梦入未来的启蒙寓言；制度外推为主,https://sf-encyclopedia.com/entry/mercier_louis-sebastien,来源支持书目年代与题材；底层议题、分支交叉标签和主体时间粗分为研究者解释，不是来源原句。
early06,弗兰肯斯坦,"Frankenstein; or, The Modern Prometheus",玛丽·雪莱,1818,1818年三卷首版；1831年修订版差异显著,英语·英国,长篇,科幻作品,生命与人类定义 | 技术与责任 | 殖民与他者,社会科幻 | 生物朋克,未精确标年的18世纪欧洲（嵌套书信框架）,年—一生,人物两代关系；未设明确的遥远未来,创造生命的能力，是否同时产生照护、承认与承担后果的义务？,依赖未证技术,制造并复活复合人体的机制未确证；不等同器官移植,https://sf-encyclopedia.com/entry/shelley_mary_wollstonecraft,来源支持书目年代与题材；底层议题、分支交叉标签和主体时间粗分为研究者解释，不是来源原句。
early07,最后一个人,The Last Man,玛丽·雪莱,1826,1826年单行本,英语·英国,长篇,科幻作品,生存与风险 | 权力与制度 | 文明与历史,灾难与末世 | 社会科幻,2073—约2100年,年—一生,2073—约2100年；结尾设想尚不存在的未来读者,当灾难突破国界时，个人忠诚和政治制度为何不足以组织共同生存？,近现实外推,传染病与制度失灵可作现实类比；完全灭绝是极端设定,https://sf-encyclopedia.com/entry/shelley_mary_wollstonecraft,来源支持书目年代与题材；底层议题、分支交叉标签和主体时间粗分为研究者解释，不是来源原句。
early08,地心游记,Voyage au centre de la Terre,儒勒·凡尔纳,1864,1864年首版；1867年扩充版,法语·法国,长篇,科幻作品,知识与认识 | 生命与人类定义,硬科幻 | 科学奇幻,19世纪地底探险,日—月,地质深时与史前生命；未给精确年代,科学求知的勇气如何与证据边界及探险风险相处？,强反事实设定,可深入的地下巨海与史前生态不符合现代地球结构认识,https://sf-encyclopedia.com/entry/verne_jules,来源支持书目年代与题材；底层议题、分支交叉标签和主体时间粗分为研究者解释，不是来源原句。
early09,从地球到月球,De la Terre à la Lune,儒勒·凡尔纳,1865,1865年法文首版；续篇《环绕月球》1870年单行本，未合算本书跨度,法语·法国,长篇,科幻作品,技术与责任 | 生存与风险 | 资本与劳动,硬科幻,19世纪巨炮登月计划,日—月,数月地月工程计划；未设明确的遥远未来,大型技术工程应如何分配资金、荣耀和人员风险？,强反事实设定,巨炮载人登月的加速度与速度控制不可按书中方式实现,https://sf-encyclopedia.com/entry/verne_jules,来源支持书目年代与题材；底层议题、分支交叉标签和主体时间粗分为研究者解释，不是来源原句。
early10,海底两万里,Vingt Mille Lieues sous les mers,儒勒·凡尔纳,1870,1869—1870年连载；1870年两卷单行本，1871年修订,法语·法国,长篇,科幻作品,技术与责任 | 殖民与他者 | 生态与资源,硬科幻 | 社会科幻,19世纪全球海洋航行,日—月,回溯尼摩生平与殖民冲突；未设明确远期,独立技术能力能否解放受压迫者，又会怎样使个人脱离公共制约？,近现实外推,潜艇与电力有现实基础；性能与能源供应被显著放大,https://sf-encyclopedia.com/entry/verne_jules,来源支持书目年代与题材；底层议题、分支交叉标签和主体时间粗分为研究者解释，不是来源原句。
early11,神秘岛,L'Île mystérieuse,儒勒·凡尔纳,1874,1874—1875年三卷单行本及连载，首卷1874年,法语·法国,长篇,科幻作品,技术与责任 | 资本与劳动 | 生存与风险,硬科幻 | 社会科幻,美国内战时期至岛上数年,年—一生,数年岛上生活并回溯尼摩更早生平,少数人重建物质文明时，合作劳动与隐形援助分别发挥什么作用？,近现实外推,工程与化学知识为基础；短期重建工业链高度理想化,https://sf-encyclopedia.com/entry/verne_jules,来源支持书目年代与题材；底层议题、分支交叉标签和主体时间粗分为研究者解释，不是来源原句。
extra01,平面国,Flatland: A Romance of Many Dimensions,Edwin A. Abbott,1884,1884首版及同年修订；几何讽喻边界作品。,英语·英美出版语境,长篇,科幻作品,知识与认识 | 权力与制度 | 性别与亲密,科学奇幻 | 社会科幻,不对应地球公历的几何世界,多尺度或非线性,几何社会的历史背景；具体历时未核,超出经验维度的知识为何遭到制度性拒绝？,混合或不适用,几何与社会讽喻，不是关于真实二维生物的科学预测。,https://sf-encyclopedia.com/entry/abbott_edwin_a,链接支持年代与设定；议题、跨度粗分与科学前提标签为研究者解释，未逐页计时。
early12,回顾：2000—1887,Looking Backward 2000-1887,爱德华·贝拉米,1888,1888年单行本；续篇《平等》1897年，未合算本书,英语·美国,长篇,科幻作品,资本与劳动 | 权力与制度 | 文明与历史,乌托邦 | 社会科幻,1887年沉睡者醒于2000年,多尺度或非线性,1887—2000年，跨113年,保障物质平等的集中制度，会给个体自由和社会多样性留下多少空间？,混合或不适用,催眠长眠为叙事装置；经济制度思想实验为主,https://sf-encyclopedia.com/entry/bellamy_edward,来源支持书目年代与题材；底层议题、分支交叉标签和主体时间粗分为研究者解释，不是来源原句。
early13,时间机器,The Time Machine: An Invention,H. G. 威尔斯,1895,1895年连载及英美单行本；1888、1894年存在不同前身文本,英语·英国,长篇,科幻作品,时间与因果 | 资本与劳动 | 生命与人类定义,时间旅行 | 社会科幻 | 宇宙演化,维多利亚时代至公元802701年及更远未来,多尺度或非线性,至约三千万年后的地球,社会分层若被长期固化，会不会连人类作为同一物种的条件也被摧毁？,强反事实设定,可控往返时间机器未获证实；演化图景同时是阶级寓言,https://sf-encyclopedia.com/entry/wells_h_g,来源支持书目年代与题材；底层议题、分支交叉标签和主体时间粗分为研究者解释，不是来源原句。
early14,莫罗博士岛,The Island of Doctor Moreau,H. G. 威尔斯,1896,1896年英美版本存在差异,英语·英国,长篇,科幻作品,生命与人类定义 | 技术与责任 | 权力与制度,生物朋克 | 社会科幻,19世纪偏远实验岛,年—一生,回溯此前实验；未设明确的遥远未来,把生命改造为符合人的意志，是否足以证明改造者拥有统治权？,强反事实设定,单靠外科活体解剖使动物获得完整人类能力缺乏科学基础,https://sf-encyclopedia.com/entry/wells_h_g,来源支持书目年代与题材；底层议题、分支交叉标签和主体时间粗分为研究者解释，不是来源原句。
early15,隐身人,The Invisible Man: A Grotesque Romance,H. G. 威尔斯,1897,1897年连载及单行本；美版含不同结尾处理,英语·英国,长篇,科幻作品,技术与责任 | 主体与意识 | 权力与制度,社会科幻,19世纪末英国,日—月,回溯求学与研究史；未设明确的遥远未来,当一个人相信自己无法被看见或追责时，道德约束还能否成立？,强反事实设定,全身包括眼睛完全透明而保持视力和生理功能存在矛盾,https://sf-encyclopedia.com/entry/wells_h_g,来源支持书目年代与题材；底层议题、分支交叉标签和主体时间粗分为研究者解释，不是来源原句。
early16,世界大战,The War of the Worlds,H. G. 威尔斯,1898,1897年英美连载；1898年英国首本,英语·英国,长篇,科幻作品,殖民与他者 | 生存与风险 | 文明与历史,第一接触 | 灾难与末世 | 社会科幻,19世纪末英格兰遭入侵,日—月,推想火星长期衰退；未给精确年代,占据优势的文明是否会把另一文明的存在降为可消耗资源？,混合或不适用,外星入侵为假设；书中火星生态与跨物种病原结局不宜作预测,https://sf-encyclopedia.com/entry/wells_h_g,来源支持书目年代与题材；底层议题、分支交叉标签和主体时间粗分为研究者解释，不是来源原句。
early17,最早登上月球的人,The First Men in the Moon,H. G. 威尔斯,1901,1900—1901年连载；1901年单行本,英语·英国,长篇,科幻作品,殖民与他者 | 资本与劳动 | 权力与制度,第一接触 | 社会科幻 | 科学奇幻,19世纪末至月球旅程,日—月,月球社会的长期演化；未给精确年代,把社会成员彻底塑造成单一功能，效率增长会损失哪些人的可能性？,强反事实设定,屏蔽重力的卡沃石与月球地下文明是反事实前提,https://sf-encyclopedia.com/entry/wells_h_g,来源支持书目年代与题材；底层议题、分支交叉标签和主体时间粗分为研究者解释，不是来源原句。
global01,月球殖民地小说,月球殖民地小说,荒江钓叟（身份未详）,1904,1904—1905年连载，未完成。,中文／晚清文学,长篇,科幻作品,殖民与他者 | 文明与历史,科幻前史 | 社会科幻,晚清及月球想象,待核,文明征服与兴衰的背景；最大时域待核,弱势文明能否摆脱被殖民者与殖民者轮换的循环？,混合或不适用,气球、发明和月球文明混合寓言；不能按航天预测衡量。,https://sf-encyclopedia.com/entry/china,SFE核对连载年、航行和殖民主题；全程时长待原文核对。 最大时间视野为粗分；标待核处未完成逐页计时核对。
global32,苏丹娜之梦,Sultana’s Dream,罗凯娅·萨哈瓦特·侯赛因（Begum Rokeya）,1905,1905年The Indian Ladies’ Magazine英语发表；1908年册本。,英语／殖民孟加拉女性文学,短篇,科幻作品,性别与亲密 | 权力与制度 | 技术与责任,女性主义科幻 | 乌托邦 | 科幻前史,梦中的女性治理未来,日—月,女性社会的科研与制度形成史至梦中探访；总背景年数待核,如果知识、公共空间与能源掌握在女性手中，所谓天然性别秩序还成立吗？,混合或不适用,太阳能与科研自由可现实映照；无劳农业与完美社会仍是理想化设定。,https://www.penguin.co.nz/books/sultanas-dream-and-padmarag-9780525508557,来源核对书目与主要设定；底层问题、分支和科学标签为本报告的解释，时长为粗粒度阅读地图。 最大时间视野为粗分；标待核处未完成逐页计时核对。
global19,红星,Красная звезда（Krasnaia Zvezda）,亚历山大·波格丹诺夫,1908,1908年俄文首版；1984年英译合刊含其他作品。,俄语／革命前俄罗斯文学,长篇,科幻作品,权力与制度 | 资本与劳动 | 文明与历史,乌托邦 | 社会科幻,20世纪与社会主义火星,待核,20世纪旅程回望火星社会形成史；最大背景时域待核,科学化管理能否避免把人变成计划系统的零件？,混合或不适用,火星社会主义文明作为时代思想实验；原子动力与治理设想应分别讨论。,https://sf-encyclopedia.com/entry/bogdanov_alexander,来源核对书目与主要设定；底层问题、分支和科学标签为本报告的解释，时长为粗粒度阅读地图。 最大时间视野为粗分；标待核处未完成逐页计时核对。 主体时长也待原文核对。
extra02,机器停转,The Machine Stops,E. M. Forster,1909,1909年11月初刊；常按短篇或中篇收录，此处依SFE的novella口径。,英语·英美出版语境,中篇,科幻作品,技术与责任 | 权力与制度 | 主体与意识,社会科幻 | 反乌托邦,未明确纪年的未来地下社会,待核,跨代技术依赖背景；主体历时待核,文明将知识和维护能力交给系统后，还能在系统失败时生存吗？,近现实外推,远程交流与基础设施依赖可外推；全自动地下社会的规模仍是虚构。,https://sf-encyclopedia.com/entry/forster_e_m,链接支持年代与设定；议题、跨度粗分与科学前提标签为研究者解释，未逐页计时。
global02,新中国,新中国,陆士谔,1910,1910年单行本；又名《立宪四十年后之中国》。,中文／晚清文学,长篇,科幻作品,权力与制度 | 文明与历史 | 技术与责任,乌托邦 | 科幻前史,梦中1951年上海,日—月,从1910年前后展望1951年，约四十年,技术富强与公民尊严能否在同一现代化进程中实现？,混合或不适用,梦游结构与飞行汽车等技术想象并存；政治愿望不等于经验预测。,https://sf-encyclopedia.com/entry/lu_shie,来源核对书目与主要设定；底层问题、分支和科学标签为本报告的解释，时长为粗粒度阅读地图。 最大时间视野为粗分；标待核处未完成逐页计时核对。
early18,获得解放的世界,The World Set Free: A Story of Mankind,H. G. 威尔斯,1914,1913—1914年连载；1914年单行本,英语·英国,长篇,科幻作品,生存与风险 | 技术与责任 | 权力与制度,灾难与末世 | 社会科幻,20世纪核技术战争及其后重建,多代—百年,数代人的能源发展、战争和政治重建,毁灭性能源的出现，能否自动迫使人类形成更正当的全球治理？,混合或不适用,核能与核武器方向成为现实；持续爆炸机制和政治结果不能据此验证,https://sf-encyclopedia.com/entry/wells_h_g,来源支持书目年代与题材；底层议题、分支交叉标签和主体时间粗分为研究者解释，不是来源原句。
early19,火星公主,A Princess of Mars,埃德加·赖斯·巴勒斯,1917,1912年以《火星的月亮下》连载；1917年首本,英语·美国,长篇,科幻作品,殖民与他者 | 权力与制度 | 性别与亲密,科学奇幻 | 太空歌剧,19世纪地球人与幻想火星文明,年—一生,地球生平与火星古老文明；未给精确长时年代,异世界的英雄叙事是否把殖民优越感包装成拯救他者的使命？,强反事实设定,意念式跨星球转移和宜居火星均属强幻想前提,https://sf-encyclopedia.com/entry/burroughs_edgar_rice,来源支持书目年代与题材；底层议题、分支交叉标签和主体时间粗分为研究者解释，不是来源原句。
global20,我们,Мы（My）,叶夫根尼·扎米亚京,1924,1920年前后写成并手稿流传；1924年首先公开出版英译，1927年俄语期刊、1952年俄语单行本。,俄语／俄罗斯与流亡文学,长篇,科幻作品,权力与制度 | 主体与意识 | 性别与亲密,社会科幻 | 反乌托邦,统一国的远未来,日—月,统一国建立后的长期历史至当下反叛；总背景年数待核,追求完美计算的国家为什么必须消灭个人不可预测的欲望？,混合或不适用,透明监控和制度管理可现实对应；彻底去想象手术与数学乌托邦属于夸张设定。,https://sf-encyclopedia.com/entry/zamiatin_yevgeny,SFE支持特殊出版路径及中央集权批判；反乌托邦分类是通行阅读，SFE条目对术语另有辨析。 最大时间视野为粗分；标待核处未完成逐页计时核对。
extra03,太空云雀,The Skylark of Space,E. E. Smith; Lee Hawkins Garby,1946,1928年连载；1946单行本；1958修订删去Garby部分。本条记录1946形态。,英语·英美出版语境,长篇,科幻作品,技术与责任 | 殖民与他者 | 文明与历史,太空歌剧,从作者时代出发的星际冒险,待核,主体冒险及外星社会背景；具体历时待核,工程力量和扩张能力能否自动赋予文明道德正当性？,强反事实设定,超光速航行等超级科学装置支持太空冒险。,https://sf-encyclopedia.com/entry/smith_e_e,链接支持年代与设定；议题、跨度粗分与科学前提标签为研究者解释，未逐页计时。
early21,最后与最初的人,Last and First Men: A Story of the Near and Far Future,奥拉夫·斯塔普尔顿,1930,1930年首本；与《造星者》共享部分未来史视野,英语·英国,长篇,科幻作品,文明与历史 | 生命与人类定义 | 生存与风险,宇宙演化 | 后人类,20世纪至未来约20亿年,百万年—宇宙尺度,从20世纪延至未来约20亿年,若物种、形态和价值观不断变化，人类文明的连续性究竟存在于何处？,混合或不适用,深时演化思想实验；金星与海王星环境及心灵感应非现实模型,https://sf-encyclopedia.com/entry/stapledon_olaf,来源支持书目年代与题材；底层议题、分支交叉标签和主体时间粗分为研究者解释，不是来源原句。
early23,美丽新世界,Brave New World,奥尔德斯·赫胥黎,1932,1932年首本,英语·英国,长篇,科幻作品,权力与制度 | 生命与人类定义 | 性别与亲密,反乌托邦 | 社会科幻 | 生物朋克,福特纪元632年,日—月,建国至福特纪元632年，制度持续约六个世纪,稳定与快乐若由制度预先制造，人还能否选择痛苦、自由和差异？,混合或不适用,生殖控制、条件塑造和药物统治有现实参照；精确人格制造被夸大,https://sf-encyclopedia.com/entry/huxley_aldous,来源支持书目年代与题材；底层议题、分支交叉标签和主体时间粗分为研究者解释，不是来源原句。
global03,猫城记,猫城记,老舍,1933,1933年单行本；常见书史另记1932年起连载，1947年修订。,中文／现代文学,长篇,科幻作品,权力与制度 | 文明与历史 | 生存与风险,反乌托邦 | 社会科幻 | 科学奇幻,当时性火星寓言,年—一生,叙述者访问至政权覆灭；此前社会史的最大时域待核,社会为什么会在明知危机时仍无法形成公共行动？,混合或不适用,火星猫人是政治讽喻舞台，科学机制不是主要目标。,https://sf-encyclopedia.com/entry/china,SFE支持1933年单行本及火星政治讽刺；连载起年保留版本备注。 最大时间视野为粗分；标待核处未完成逐页计时核对。
early20,与蝾螈的战争,Válka s Mloky / War with the Newts,卡雷尔·恰佩克,1936,1935—1936年捷克文连载；1936年首本，1937年英译,捷克语·捷克斯洛伐克,长篇,科幻作品,资本与劳动 | 殖民与他者 | 生存与风险,社会科幻 | 灾难与末世,接近20世纪的全球贸易与战争,年—一生,数十年全球开发与战争；总时长待全文核验,在利润与民族竞争驱动下，人会怎样把自己制造的危险正常化？,强反事实设定,高智商海栖蝾螈是假想物种；殖民劳动与军备逻辑具有现实参照,https://sf-encyclopedia.com/entry/capek_karel,来源支持书目年代与题材；底层议题、分支交叉标签和主体时间粗分为研究者解释，不是来源原句。
early22,造星者,Star Maker,奥拉夫·斯塔普尔顿,1937,1937年首本,英语·英国,长篇,科幻作品,知识与认识 | 主体与意识 | 文明与历史,宇宙演化 | 后人类 | 科学奇幻,当代意识游历文明与宇宙的生成消亡,百万年—宇宙尺度,宇宙的生成与消亡，并涉及多个宇宙；非单一可量化年表,人类价值若只是宇宙经验的一小部分，意义是否仍须以人为中心？,混合或不适用,宇宙史与精神旅行交织，属于哲学宇宙想象,https://sf-encyclopedia.com/entry/stapledon_olaf,来源支持书目年代与题材；底层议题、分支交叉标签和主体时间粗分为研究者解释，不是来源原句。
global21,陶威尔教授的头颅,Голова профессора Доуэля,亚历山大·别利亚耶夫,1938,1925年短篇原型；1937年扩成长篇连载，1938年首个长篇单行本，本条按长篇版。,俄语／苏联文学,长篇,科幻作品,生命与人类定义 | 主体与意识 | 技术与责任,硬科幻 | 生物朋克,20世纪的外科实验,日—月,人物生前经历、单次实验至死亡后的存续；背景时域待核,保持大脑活动是否意味着恢复了人的自由与完整生命？,依赖未证技术,离体头颅持续意识和身体移植的完整条件远超现实临床能力。,https://f-navigator.rgub.ru/?p=185,俄罗斯国家青年图书馆条目核对1937连载／1938单行本与早期短篇边界。 最大时间视野为粗分；标待核处未完成逐页计时核对。
global40,莫雷尔的发明,La invención de Morel,阿道夫·比奥伊·卡萨雷斯,1940,1940年西班牙文首版；1964年首次英译，2003年单独英译再版。,西班牙语／阿根廷文学,中篇,科幻作品,主体与意识 | 生命与人类定义 | 性别与亲密,后人类 | 社会科幻,20世纪孤岛与影像循环,日—月,约一周影像循环可持续回放；人物前史和总回放时域待核,保存全部感官影像是否等于保存了能回应他人的生命？,依赖未证技术,三维感官复制与致死录制机制属未证假设；影像存续不同于意识存续。,https://sf-encyclopedia.com/entry/bioy_casares_adolfo,来源核对书目与主要设定；底层问题、分支和科学标签为本报告的解释，时长为粗粒度阅读地图。 最大时间视野为粗分；标待核处未完成逐页计时核对。
global46,毁灭（暂译）,Ravage,勒内·巴尔雅维尔,1943,"1943年法语首版；1967英译名Ashes, Ashes。",法语／法国科幻,长篇,科幻作品,技术与责任 | 生存与风险 | 权力与制度,灾难与末世 | 社会科幻,2052年法国,年—一生,2052年灾难及后续重建和世代延续；总背景年数待核,对技术的依赖崩溃之后，重建秩序会不会复制另一种支配？,强反事实设定,世界电力突然失效的机制属于反事实；对系统依赖的讨论仍有现实意义。,https://sf-encyclopedia.com/entry/barjavel_rene,来源核对书目与主要设定；底层问题、分支和科学标签为本报告的解释，时长为粗粒度阅读地图。 最大时间视野为粗分；标待核处未完成逐页计时核对。
early24,一九八四,Nineteen Eighty-Four,乔治·奥威尔,1949,1949年首本,英语·英国,长篇,科幻作品,权力与制度 | 知识与认识 | 主体与意识,反乌托邦 | 社会科幻,虚构的1984年,年—一生,回溯20世纪历史，并提出永续统治设想,当权力能够控制语言、证据和记忆时，个人还能凭什么判断真实？,近现实外推,监视、审查与政治操控可作现实外推；具体国家史是虚构,https://sf-encyclopedia.com/entry/orwell_george,来源支持书目年代与题材；底层议题、分支交叉标签和主体时间粗分为研究者解释，不是来源原句。
early26,我，机器人,"I, Robot",艾萨克·阿西莫夫,1950,1950年关联故事集；所收故事从1940年起发表,英语·美国,组篇小说,科幻作品,技术与责任 | 主体与意识 | 权力与制度,机器人与人工智能 | 社会科幻,21世纪初至中叶的回忆框架,年—一生,数十年的机器人发展，回忆框架落在21世纪中叶,把伦理写成固定规则，能否避免语义冲突与权力集中？,依赖未证技术,通用智能与正电子脑是假设；三定律是虚构规范而非工程保证,https://sf-encyclopedia.com/entry/asimov_isaac,来源支持书目年代与题材；底层议题、分支交叉标签和主体时间粗分为研究者解释，不是来源原句。
early36,火星编年史,The Martian Chronicles,雷·布拉德伯里,1950,1950年关联故事集；已有1940年代短篇，后续版本增删且改动故事年份,英语·美国,组篇小说,科幻作品,殖民与他者 | 文明与历史 | 生存与风险,第一接触 | 社会科幻 | 科学奇幻,首版主要为1999—2026年，后版有后移,年—一生,首版1999—2026年，后续版本有整体后移,人类移居新世界时，为什么仍会复制使旧世界失败的欲望与暴力？,强反事实设定,拟人化火星环境是文学镜像；与已知火星条件不匹配,https://sf-encyclopedia.com/entry/bradbury_ray,来源支持书目年代与题材；底层议题、分支交叉标签和主体时间粗分为研究者解释，不是来源原句。
early25,基地,Foundation,艾萨克·阿西莫夫,1951,1951年组篇首本；主体故事1942—1944年初刊；此条仅首卷，非全系列,英语·美国,组篇小说,科幻作品,文明与历史 | 权力与制度 | 知识与认识,社会科幻 | 太空歌剧,银河帝国衰亡初期及基地前数世纪,多代—百年,计划指向千年，背景设想三万年黑暗期；首卷仅数世纪,以统计模型规划文明命运，会如何处理不确定性和知情权的不平等？,依赖未证技术,精确心理史学与星际航行为假想；不可等同现实社会预测,https://sf-encyclopedia.com/entry/asimov_isaac,来源支持书目年代与题材；底层议题、分支交叉标签和主体时间粗分为研究者解释，不是来源原句。
early39,三尖树时代,The Day of the Triffids,约翰·温德姆,1951,1951年连载及英版首本；美版对灾难原因与内容有删改,英语·英国,长篇,科幻作品,生存与风险 | 技术与责任 | 权力与制度,灾难与末世 | 社会科幻,接近20世纪的灾变后数年,年—一生,灾变至至少六年后的共同体重建,日常秩序突然消失之后，道德义务应如何在互助和生存之间重新安排？,混合或不适用,失明、疫病与系统崩溃有现实参照；行走致命植物是幻想前提,https://sf-encyclopedia.com/entry/wyndham_john,来源支持书目年代与题材；底层议题、分支交叉标签和主体时间粗分为研究者解释，不是来源原句。
early29,童年的终结,Childhood's End,阿瑟·C. 克拉克,1953,1950年《守护天使》为前身；1953年扩成长篇，1990年修订,英语·英国,长篇,科幻作品,生命与人类定义 | 主体与意识 | 文明与历史,第一接触 | 后人类,外星监管后的人类数代变迁,多代—百年,人类最后数代变迁及更长的宇宙意识背景,集体进化若意味着个体与父母世代消失，它还能被称为进步吗？,混合或不适用,外星治理假设与心灵超越并置；超意识缺乏科学证实,https://sf-encyclopedia.com/entry/clarke_arthur_c,来源支持书目年代与题材；底层议题、分支交叉标签和主体时间粗分为研究者解释，不是来源原句。
early37,华氏451,Fahrenheit 451,雷·布拉德伯里,1953,1951年中篇《消防员》为原型；1953年长篇与两短篇合刊，1954年独立长篇版,英语·美国,长篇,科幻作品,知识与认识 | 权力与制度 | 主体与意识,反乌托邦 | 社会科幻,近未来媒介社会,日—月,主体约数日；回溯数十年的文化变化并指向战后重建,思想自由会如何同时被国家压制、商业娱乐和公众自愿放弃所侵蚀？,近现实外推,媒介依赖、审查与机械追踪具有现实参照；社会全貌是寓言放大,https://sf-encyclopedia.com/entry/bradbury_ray,来源支持书目年代与题材；底层议题、分支交叉标签和主体时间粗分为研究者解释，不是来源原句。
early40,被毁灭的人,The Demolished Man,阿尔弗雷德·贝斯特,1953,1952年连载；1953年首本,英语·美国,长篇,科幻作品,主体与意识 | 权力与制度 | 资本与劳动,社会科幻,24世纪心灵感应社会,日—月,24世纪制度与主人公此前人生；未设明确远期,犯罪若能被读心预防，社会能否仍承认心理隐私和人格不可侵犯？,强反事实设定,直接读心与彻底人格拆解缺乏科学证实,https://sf-encyclopedia.com/entry/bester_alfred,来源支持书目年代与题材；底层议题、分支交叉标签和主体时间粗分为研究者解释，不是来源原句。
extra04,太空商人,The Space Merchants,Frederik Pohl; C. M. Kornbluth,1953,1952以Gravy Planet连载；1953修订单行本。,英语·英美出版语境,长篇,科幻作品,资本与劳动 | 权力与制度 | 生态与资源,社会科幻 | 反乌托邦,企业与广告主导的未来,待核,人口与资源压力的长期背景；主体历时待核,当欲望由广告制造，消费者和公民还有多少选择权？,近现实外推,广告权力与资源约束可讨论；未来社会的全部安排未被实证。,https://sf-encyclopedia.com/entry/pohl_frederik,链接支持年代与设定；议题、跨度粗分与科学前提标签为研究者解释，未逐页计时。
early27,钢穴,The Caves of Steel,艾萨克·阿西莫夫,1954,1953年连载；1954年首本,英语·美国,长篇,科幻作品,资本与劳动 | 殖民与他者 | 技术与责任,机器人与人工智能 | 社会科幻,拥挤地球与太空族并存的未来,日—月,回溯地球与太空族数代分化；未给精确总时长,劳动者对自动化的恐惧，如何与机器及异文化的平等关系相协调？,依赖未证技术,高度自治人形机器人与星际殖民尚未实现,https://sf-encyclopedia.com/entry/asimov_isaac,来源支持书目年代与题材；底层议题、分支交叉标签和主体时间粗分为研究者解释，不是来源原句。
global04,从地球到火星,从地球到火星,郑文光,1954,1954年发表于《中国少年报》。,中文／中华人民共和国少儿科幻,短篇,科幻作品,知识与认识 | 技术与责任,科幻前史 | 硬科幻,20世纪的火星探险想象,待核,一次未来火星探索；最大背景时域待核,科学知识如何通过冒险变成青年可参与的公共事业？,依赖未证技术,星际与行星航行的器材能力属于时代外推；教育功能需单独评价。,https://sf-encyclopedia.com/entry/zheng_wenguang,SFE支持年份、少年冒险与科普功能；作品精确叙事历时待核。 最大时间视野为粗分；标待核处未完成逐页计时核对。
early28,永恒的终结,The End of Eternity,艾萨克·阿西莫夫,1955,1955年首本,英语·美国,长篇,科幻作品,时间与因果 | 权力与制度 | 生存与风险,时间旅行 | 社会科幻,跨多个世纪的时间管理机构,多尺度或非线性,跨未来数万世纪及人类发展路线,以降低风险为名修改历史，会否剥夺人类探索和自行决定未来的权利？,强反事实设定,任意改变时间线及时间警察组织缺乏证实,https://sf-encyclopedia.com/entry/asimov_isaac,来源支持书目年代与题材；底层议题、分支交叉标签和主体时间粗分为研究者解释，不是来源原句。
early30,城市与群星,The City and the Stars,阿瑟·C. 克拉克,1956,1956年长篇；1948年中篇及1953年《夜幕降临之前》为不同前身版本,英语·英国,长篇,科幻作品,主体与意识 | 文明与历史 | 生存与风险,后人类 | 宇宙演化 | 乌托邦,极遥远未来的地球,待核,遥远未来的地球与更古老银河史；精确年代未在本批核定,完美安全和近乎无限的生命，是否会使文明丧失更新自身的能力？,依赖未证技术,心智存储再生、远程星际航行与深时文明设定未获证实,https://sf-encyclopedia.com/entry/clarke_arthur_c,来源支持书目年代与题材；底层议题、分支交叉标签和主体时间粗分为研究者解释，不是来源原句。
early41,群星，我的归宿,Tiger! Tiger! / The Stars My Destination,阿尔弗雷德·贝斯特,1956,1956年英国首本《虎！虎！》；1956—1957年连载，1957年美国题名版,英语·美国,长篇,科幻作品,资本与劳动 | 技术与责任 | 主体与意识,太空歌剧 | 社会科幻 | 后人类,25世纪瞬移普及的社会,年—一生,25世纪社会及其前史；未给精确总时长,当强大的技术由少数人垄断，社会变革会怎样与个人复仇纠缠？,强反事实设定,意念瞬移是反事实前提；义体与资本权力含现实类比,https://sf-encyclopedia.com/entry/bester_alfred,来源支持书目年代与题材；底层议题、分支交叉标签和主体时间粗分为研究者解释，不是来源原句。
global22,仙女座星云,Туманность Андромеды（Tumannost’ Andromedy）,伊凡·叶甫列莫夫,1958,1957年杂志连载；1958年俄语单行本；1959年英译。,俄语／苏联文学,长篇,科幻作品,文明与历史 | 权力与制度 | 技术与责任,乌托邦 | 社会科幻 | 太空歌剧,人类共产主义远未来,待核,多世纪人类历史与远未来星际文明；具体年数待核,物质匮乏消失之后，社会如何组织探索、劳动与个人成长？,依赖未证技术,星际航行、气候控制和大规模丰裕条件依赖未来技术。,https://sf-encyclopedia.com/entry/yefremov_ivan | https://sf-encyclopedia.com/entry/russia,SFE作者及俄国条目交叉核对连载／单行本；主体时长待原文核对。 最大时间视野为粗分；标待核处未完成逐页计时核对。
early33,星船伞兵,Starship Troopers,罗伯特·A. 海因莱因,1959,1959年连载与首本；电影1997年的政治立场不能倒灌小说,英语·美国,长篇,科幻作品,权力与制度 | 技术与责任 | 殖民与他者,军事科幻 | 太空歌剧,星际战争中的未来人类社会,年—一生,回溯数十年战争与制度史；未给精确远期,用承担暴力与牺牲的意愿作为政治权利门槛，是否能产生正当的社会？,依赖未证技术,动力装甲有外推空间；星际战争与外星种族是假设,https://sf-encyclopedia.com/entry/heinlein_robert_a,来源支持书目年代与题材；底层议题、分支交叉标签和主体时间粗分为研究者解释，不是来源原句。
early38,莱博维茨的赞歌,A Canticle for Leibowitz,小沃尔特·M. 米勒,1959,书面印1960但1959年已发售；原三篇1955—1957年发表,英语·美国,组篇小说,科幻作品,文明与历史 | 知识与认识 | 生存与风险,灾难与末世 | 社会科幻,核毁灭后跨约千余年的三段文明史,千年—文明史,三段时代跨约千余年，核毁灭发生在更早过去,保存知识能否阻止历史灾难重演，还是也保存了重演所需的力量？,近现实外推,核战与知识断裂有现实基础；跨世纪循环属于历史思想实验,https://sf-encyclopedia.com/entry/religion | https://sf-encyclopedia.com/entry/ruined_earth | https://sf-encyclopedia.com/gallery.php?id=MillerWM-Canticle.jpeg,来源支持书目年代与题材；底层议题、分支交叉标签和主体时间粗分为研究者解释，不是来源原句。
global25,第四间冰期,第四間氷期（Dai-Yon Kanpyōki）,安部公房,1959,1958年7月—1959年3月连载，1959年日文单行本，1970年英译。,日语／现代日本文学,长篇,科幻作品,主体与意识 | 生命与人类定义 | 生态与资源,社会科幻 | 生物朋克 | 气候科幻,近未来日本与海平面上升,待核,从近未来海平面变化展望下一代水生人；最长背景时域待核,当机器准确预测人会拒绝未来，谁有权决定下一代的身体？,依赖未证技术,海平面变化可现实讨论；预测个体行为与水生人改造仍依赖强技术假设。,https://sf-encyclopedia.com/entry/abe_kobo,来源核对书目与主要设定；底层问题、分支和科学标签为本报告的解释，时长为粗粒度阅读地图。 最大时间视野为粗分；标待核处未完成逐页计时核对。 主体时长也待原文核对。
early34,异乡异客,Stranger in a Strange Land,罗伯特·A. 海因莱因,1961,1961年删节首本；1991年恢复较长文本,英语·美国,长篇,科幻作品,性别与亲密 | 权力与制度 | 殖民与他者,社会科幻 | 科学奇幻,未来地球与火星文化相遇,年—一生,从童年到成年的跨文化经验；未给精确远期,由外来视角重新审视性、宗教和所有权，能否摆脱共同体自身的排他性？,混合或不适用,火星人赋予的超感官能力是反事实装置；社会实验为主,https://sf-encyclopedia.com/entry/heinlein_robert_a,来源支持书目年代与题材；底层议题、分支交叉标签和主体时间粗分为研究者解释，不是来源原句。
global30,索拉里斯星,Solaris,斯坦尼斯瓦夫·莱姆,1961,1961年波兰文首版；1970年英译经法译，2011年英译直接来自波兰文。,波兰语／波兰文学,长篇,科幻作品,知识与认识 | 主体与意识 | 殖民与他者,第一接触 | 社会科幻,远未来的异星空间站,日—月,数代索拉里斯研究史至主角探访,与真正异质的智能接触时，人是否只会看见自己的记忆与罪疚？,依赖未证技术,行星海洋智能及记忆实体化属未证假设；认知限制可独立讨论。,https://sf-encyclopedia.com/entry/lem_stanislaw,来源核对书目与主要设定；底层问题、分支和科学标签为本报告的解释，时长为粗粒度阅读地图。 最大时间视野为粗分；标待核处未完成逐页计时核对。
early42,高堡奇人,The Man in the High Castle,菲利普·K. 迪克,1962,1962年首本，1961年写成,英语·美国,长篇,科幻作品,文明与历史 | 权力与制度 | 知识与认识,平行世界与另类历史 | 社会科幻,轴心国战胜后的另类1962年,日—月,1933年历史分岔至另类1962年,若历史胜利者决定现实常识，人还能否想象并判断另一种正当秩序？,强反事实设定,历史分岔是假设；书中历史并非现实过去,https://sf-encyclopedia.com/entry/dick_philip_k,来源支持书目年代与题材；底层议题、分支交叉标签和主体时间粗分为研究者解释，不是来源原句。
extra05,淹没的世界,The Drowned World,J. G. Ballard,1962,1962杂志版，1962扩写单行本。,英语·英美出版语境,长篇,科幻作品,生态与资源 | 主体与意识 | 生存与风险,灾难与末世 | 气候科幻,未来升温后被淹没的地球,待核,回退至远古生态的心理意象；主体历时待核,生态灾难会怎样改变人的欲望、记忆与文明认同？,混合或不适用,作品用太阳活动与心理退行组织灾难，不能等同当代人为变暖机制。,https://sf-encyclopedia.com/entry/ballard_j_g,链接支持年代与设定；议题、跨度粗分与科学前提标签为研究者解释，未逐页计时。
global23,做上帝很难,Трудно быть богом（Trudno byt’ bogom）,阿尔卡季与鲍里斯·斯特鲁伽茨基,1964,1964年俄文版；1973英译曾经德译转译，2014新版为直接英译。,俄语／苏联文学,长篇,科幻作品,殖民与他者 | 权力与制度 | 技术与责任,社会科幻 | 太空歌剧,远未来地球与近似中世纪的异星,日—月,地球文明与异星社会历史参照；最大背景时域待核,拥有更强技术的观察者有权替另一个社会选择其历史吗？,依赖未证技术,星际观察能力是前提；干预伦理并不依赖设定成为现实。,https://sf-encyclopedia.com/entry/strugatski_arkady,来源核对书目与主要设定；底层问题、分支和科学标签为本报告的解释，时长为粗粒度阅读地图。 最大时间视野为粗分；标待核处未完成逐页计时核对。
early45,沙丘,Dune,弗兰克·赫伯特,1965,1963—1965年两部分连载；1965年组篇成长篇；仅首部不含续作跨度,英语·美国,长篇,科幻作品,生态与资源 | 权力与制度 | 殖民与他者,太空歌剧 | 社会科幻,遥远未来帝国的厄拉科斯,年—一生,回溯数千年宗教、生态与家族史；未计续作,资源瓶颈、生态工程和救世主政治如何共同制造统治与依赖？,混合或不适用,水资源与生态系统分析可类比现实；预知与星际运输是未证设定,https://sf-encyclopedia.com/entry/herbert_frank,来源支持书目年代与题材；底层议题、分支交叉标签和主体时间粗分为研究者解释，不是来源原句。
global31,机器人大师,Cyberiada,斯坦尼斯瓦夫·莱姆,1965,1965年波兰文关联故事集；1967扩展合刊，1974年英译。,波兰语／波兰文学,组篇小说,科幻作品,技术与责任 | 知识与认识 | 主体与意识,机器人与人工智能 | 科学奇幻 | 社会科幻,不定时代的机器宇宙,多尺度或非线性,多则造物寓言的不同年代；最大背景时域待核,造物者精确实现愿望时，为什么仍可能制造灾难而非幸福？,混合或不适用,机器人寓言包含有意不可能的造物，用来检验逻辑与伦理而非技术路线。,https://sf-encyclopedia.com/entry/lem_stanislaw | https://solaris.lem.pl/ksiazki/beletrystyka/cyberiada,来源核对书目与主要设定；底层问题、分支和科学标签为本报告的解释，时长为粗粒度阅读地图。 最大时间视野为粗分；标待核处未完成逐页计时核对。
early35,严厉的月亮,The Moon Is a Harsh Mistress,罗伯特·A. 海因莱因,1966,1965—1966年连载；1966年首本,英语·美国,长篇,科幻作品,权力与制度 | 资本与劳动 | 生态与资源,社会科幻 | 机器人与人工智能,2075—2076年左右的月球革命,年—一生,回溯殖民数代历史并外推资源耗竭；具体年数待核,有限资源的殖民地应如何争取自治，又避免把自由建立在隐秘操控之上？,依赖未证技术,月球居住与投射运输有工程外推；自觉超级计算机尚未确证,https://sf-encyclopedia.com/entry/heinlein_robert_a,来源支持书目年代与题材；底层议题、分支交叉标签和主体时间粗分为研究者解释，不是来源原句。
early49,巴别塔—17,Babel-17,塞缪尔·R. 德拉尼,1966,1966年首本；1969年修订,英语·美国,长篇,科幻作品,知识与认识 | 主体与意识 | 技术与责任,太空歌剧 | 社会科幻,未来星际战争与语言破译,日—月,回溯语言战争与主人公生涯；未设明确长时年表,语言如果能重塑自我概念，沟通工具会不会成为控制主体的武器？,混合或不适用,语言完全支配人格是强放大；超光速航行属未证设定,https://sf-encyclopedia.com/entry/delany_samuel_r,来源支持书目年代与题材；底层议题、分支交叉标签和主体时间粗分为研究者解释，不是来源原句。
extra06,献给阿尔吉侬的花束,Flowers for Algernon,Daniel Keyes,1966,1959短篇；本条收1966扩写长篇。,英语·英美出版语境,长篇,科幻作品,生命与人类定义 | 技术与责任 | 主体与意识,社会科幻 | 后人类,作者时代附近的医学思想实验,日—月,数月的能力变化及过去记忆,人的尊严为何应独立于智力、生产价值和实验价值？,依赖未证技术,可快速大幅提高通用智力的手术机制尚未被确立。,https://sf-encyclopedia.com/entry/keyes_daniel,链接支持年代与设定；议题、跨度粗分与科学前提标签为研究者解释，未逐页计时。
global26,无尽的流逝尽头,果しなき流れの果に（Hateshinaki Nagare no Hate ni）,小松左京,1966,1965年2—11月S-F Magazine连载；1966年日文单行本。,日语／日本科幻,长篇,科幻作品,时间与因果 | 文明与历史 | 生存与风险,时间旅行 | 宇宙演化,当代、远古与垂死地球未来,多尺度或非线性,地球远古至垂死地球的漫长未来；确切总跨度待核,利用时间逃避毁灭时，改变历史能否真正摆脱文明自身的问题？,强反事实设定,逆向时间旅行及改变未来是核心反事实机制。,https://sf-encyclopedia.com/entry/komatsu_sakyo,来源核对书目与主要设定；底层问题、分支和科学标签为本报告的解释，时长为粗粒度阅读地图。 最大时间视野为粗分；标待核处未完成逐页计时核对。
early31,2001：太空漫游,2001: A Space Odyssey,阿瑟·C. 克拉克,1968,1968年小说，与同年电影协同创作；1951年《哨兵》是部分原型,英语·英国,长篇,科幻作品,主体与意识 | 生命与人类定义 | 技术与责任,机器人与人工智能 | 第一接触 | 后人类,史前人类与虚构2001年的太空任务,多尺度或非线性,人类演化数百万年与更古老外星文明,人工智能与外星干预会怎样改变人类对自主性和进化的理解？,混合或不适用,太空工程含合理成分；星门与意识转化是未证或强幻想前提,https://sf-encyclopedia.com/entry/clarke_arthur_c,来源支持书目年代与题材；底层议题、分支交叉标签和主体时间粗分为研究者解释，不是来源原句。
early43,仿生人会梦见电子羊吗？,Do Androids Dream of Electric Sheep?,菲利普·K. 迪克,1968,1968年首本；电影《银翼杀手》1982年，题材与设定不完全相同,英语·美国,长篇,科幻作品,生命与人类定义 | 主体与意识 | 生态与资源,机器人与人工智能 | 后人类 | 社会科幻,核污染后的21世纪，版本年份有差异,日—月,回溯此前核战及物种灭绝；未给精确总时长,把共情作为人的资格标准，是否会掩盖人本身对其他生命的冷酷？,依赖未证技术,高度逼真人造生命未达小说水平；核污染与生态衰退有现实参照,https://sf-encyclopedia.com/entry/dick_philip_k,来源支持书目年代与题材；底层议题、分支交叉标签和主体时间粗分为研究者解释，不是来源原句。
early50,新星,Nova,塞缪尔·R. 德拉尼,1968,1968年首本；1969年校订文本,英语·美国,长篇,科幻作品,资本与劳动 | 主体与意识 | 技术与责任,太空歌剧 | 后人类,未来银河经济与太空远征,待核,回溯家族和资源竞争史；精确总时长待全文核验,高度技术化的劳动连接，是否会消除阶层，还是重写支配的形式？,依赖未证技术,神经接口有现实研究方向；新星内部采矿与超光速旅行未证,https://sf-encyclopedia.com/entry/delany_samuel_r | https://sf-encyclopedia.com/entry/cyberpunk,来源支持书目年代与题材；底层议题、分支交叉标签和主体时间粗分为研究者解释，不是来源原句。
extra07,站在桑给巴尔,Stand on Zanzibar,John Brunner,1968,1968单行本。,英语·英美出版语境,长篇,科幻作品,资本与劳动 | 生态与资源 | 权力与制度,社会科幻 | 反乌托邦,作品设定的2010年,多尺度或非线性,多线程当代行动与几十年社会背景,人口、媒体和企业的系统压力怎样侵蚀个人与公共选择？,近现实外推,从人口与信息系统外推；具体2010图景应按命题而非整体判准。,https://sf-encyclopedia.com/entry/brunner_john,链接支持年代与设定；议题、跨度粗分与科学前提标签为研究者解释，未逐页计时。
early44,尤比克,Ubik,菲利普·K. 迪克,1969,1969年首本,英语·美国,长篇,科幻作品,知识与认识 | 主体与意识 | 资本与劳动,社会科幻 | 科学奇幻,1992年消费社会及不稳定现实层,多尺度或非线性,人物经历时间倒退与生死层变换；非单一可量化年表,当感知、消费信息和生命状态都可被操控，真实还能如何被共同确认？,强反事实设定,半生命保存、超感官力量与现实倒退均为反事实设定,https://sf-encyclopedia.com/entry/dick_philip_k,来源支持书目年代与题材；底层议题、分支交叉标签和主体时间粗分为研究者解释，不是来源原句。
early46,黑暗的左手,The Left Hand of Darkness,厄休拉·K. 勒古恩,1969,1969年首本；海恩宇宙单部，未将系列2500年算入本书,英语·美国,长篇,科幻作品,性别与亲密 | 殖民与他者 | 知识与认识,女性主义科幻 | 第一接触 | 社会科幻,未来冬星及星际使者,年—一生,冬星文化的历史；未将海恩系列约2500年算入本部,面对不符合自身性别常识的人，理解为何必须先检验观察者自己的偏见？,依赖未证技术,周期性变性的人类群体与星际交流是假设；文化分析不等于生物预测,https://sf-encyclopedia.com/entry/le_guin_ursula_k,来源支持书目年代与题材；底层议题、分支交叉标签和主体时间粗分为研究者解释，不是来源原句。
extra08,Tau Zero（译名待核）,Tau Zero,Poul Anderson,1970,1967较短版To Outlive Eternity；1970长篇。中文标题保留原文以免同名混淆。,英语·英美出版语境,长篇,科幻作品,时间与因果 | 生存与风险 | 文明与历史,硬科幻 | 宇宙演化,未来星际飞船,多尺度或非线性,船员经历与外部宇宙时长分离；外部延伸至宇宙演变,当共同体失去返乡与外部时间的联系，怎样保持生存意义？,混合或不适用,时间膨胀有科学基础；推进、极限航行和宇宙重启需独立假设。,https://sf-encyclopedia.com/entry/anderson_poul,链接支持年代与设定；议题、跨度粗分与科学前提标签为研究者解释，未逐页计时。
early48,世界的词语是森林,The Word for World Is Forest,厄休拉·K. 勒古恩,1972,1972年选集初刊中篇；1976年独立单行本,英语·美国,中篇,科幻作品,殖民与他者 | 生态与资源 | 权力与制度,第一接触 | 社会科幻,未来森林星球的殖民冲突,年—一生,殖民前史与战后文化改变；未给精确长时年代,受压迫者以暴力抵抗殖民时，是否也会被迫永久改变自身文化？,依赖未证技术,星际殖民为未证前提；掠夺与生态破坏有历史对应,https://sf-encyclopedia.com/entry/le_guin_ursula_k,来源支持书目年代与题材；底层议题、分支交叉标签和主体时间粗分为研究者解释，不是来源原句。
global24,路边野餐,Пикник на обочине（Piknik na obochine）,阿尔卡季与鲍里斯·斯特鲁伽茨基,1972,1972年Avrora连载；1977年英语合刊，不将英译年份回填。,俄语／苏联文学,长篇,科幻作品,知识与认识 | 殖民与他者 | 资本与劳动,第一接触 | 社会科幻 | 新怪谭与混合类型,当代或近未来接触后的地球,年—一生,接触之后约十余年的人物经历；更早背景时域待核,如果外星遗物对人类没有预设意义，知识与欲望为何仍争相占有它们？,依赖未证技术,异星遗物效应未有可验证机制；未知性本身是核心叙事条件。,https://sf-encyclopedia.com/entry/strugatski_arkady,来源核对书目与主要设定；底层问题、分支和科学标签为本报告的解释，时长为粗粒度阅读地图。 最大时间视野为粗分；标待核处未完成逐页计时核对。
early32,与拉玛相会,Rendezvous with Rama,阿瑟·C. 克拉克,1973,1973年首本；仅此首部，未合算后续合著系列,英语·英国,长篇,科幻作品,知识与认识 | 殖民与他者 | 生存与风险,硬科幻 | 第一接触,22世纪太阳系,日—月,本书聚焦短期探测；飞船起源历史未明确,面对不能沟通的高级技术，人如何区分观察所得与拟人化推测？,依赖未证技术,旋转人工重力有物理依据；巨型星际飞船及其生态尚未实现,https://sf-encyclopedia.com/entry/clarke_arthur_c,来源支持书目年代与题材；底层议题、分支交叉标签和主体时间粗分为研究者解释，不是来源原句。
early52,接插的女孩,The Girl Who Was Plugged In,小詹姆斯·提普特里（爱丽丝·谢尔登）,1973,1973年选集初刊；1989年独立小册；中文题名译法不一,英语·美国,中篇,科幻作品,主体与意识 | 资本与劳动 | 性别与亲密,社会科幻 | 赛博朋克 | 后人类,近未来广告与远程操控身体社会,年—一生,主人公生涯与企业媒体社会；未设明确长时年表,当可见身体和真实主体被商业系统拆开，亲密关系与自我价值还能否自主形成？,依赖未证技术,远程全身体控制未达作品程度；常被后设归为赛博朋克前驱,https://sf-encyclopedia.com/entry/tiptree_james_jr | https://sf-encyclopedia.com/entry/cyberpunk,SFE作者条目支持初刊年，赛博朋克条目明确将本篇列作先驱；底层议题和主体时间为研究者粗分。
global27,日本沉没,日本沈没（Nippon Chinbotsu）,小松左京,1973,1973年日文首版；1976年英语删节译本。,日语／日本科幻,长篇,科幻作品,生存与风险 | 文明与历史 | 权力与制度,硬科幻 | 灾难与末世,20世纪近未来日本,年—一生,灾变、国土消失与后续离散生活；最大背景时域待核,一旦共同国土消失，国家、文化与人民是否还能成为共同体？,强反事实设定,短期内整个列岛沉入海沟是极端地质假设；灾害治理与迁徙问题可现实对应。,https://sf-encyclopedia.com/entry/komatsu_sakyo,来源核对书目与主要设定；底层问题、分支和科学标签为本报告的解释，时长为粗粒度阅读地图。 最大时间视野为粗分；标待核处未完成逐页计时核对。
early47,一无所有,The Dispossessed: An Ambiguous Utopia,厄休拉·K. 勒古恩,1974,1974年首本；也译《被剥夺的人》,英语·美国,长篇,科幻作品,权力与制度 | 资本与劳动 | 知识与认识,乌托邦 | 社会科幻,两个制度不同星球上的未来人生,多尺度或非线性,回溯革命后约数代制度史；未计其他海恩作品跨度,平等社会能否持续防止非正式权力与知识垄断重新出现？,混合或不适用,社会制度思想实验为主；瞬时通信理论未证且与相对论限制冲突,https://sf-encyclopedia.com/entry/le_guin_ursula_k,来源支持书目年代与题材；底层议题、分支交叉标签和主体时间粗分为研究者解释，不是来源原句。
extra09,永恒的战争,The Forever War,Joe Haldeman,1974,1972—1975杂志材料；单行本题年1975但1974出版，依SFE口径保留差异。,英语·英美出版语境,组篇小说,科幻作品,时间与因果 | 权力与制度 | 殖民与他者,军事科幻 | 硬科幻,从近未来延伸的星际战争,多尺度或非线性,地球时域跨越千年以上；士兵个人经历短得多,战争与相对论时间差为何使士兵不断失去原有社会？,混合或不适用,相对论效应有基础；跨星际战争和空间捷径仍需虚构前提。,https://sf-encyclopedia.com/entry/haldeman_joe,链接支持年代与设定；议题、跨度粗分与科学前提标签为研究者解释，未逐页计时。
early51,女性人,The Female Man,乔安娜·拉斯,1975,1971年写成，1975年首本；中译题名尚无统一性，此处直译,英语·美国,长篇,科幻作品,性别与亲密 | 权力与制度 | 主体与意识,女性主义科幻 | 平行世界与另类历史 | 乌托邦,四位女性的多个现实与未来,多尺度或非线性,多个不同的20世纪和远未来；无统一年表,同一个人的能力与身份，会被不同性别制度塑造成多么不同的结果？,强反事实设定,跨平行现实会面是装置；制度比较是作品的解释核心,https://sf-encyclopedia.com/entry/russ_joanna,来源支持书目年代与题材；底层议题、分支交叉标签和主体时间粗分为研究者解释，不是来源原句。
early53,休斯顿，休斯顿，你听到了吗？,"Houston, Houston, Do You Read?",小詹姆斯·提普特里（爱丽丝·谢尔登）,1976,1976年选集初刊；1989年独立小册,英语·美国,中篇,科幻作品,性别与亲密 | 权力与制度 | 生命与人类定义,女性主义科幻 | 时间旅行 | 乌托邦,男性宇航员遇到远未来女性社会,多尺度或非线性,数百年后的女性社会，疫病与克隆是其更早背景,当熟悉的性别权力结构消失，观察者会如何误读新的社会与自己的权利？,混合或不适用,跨时代相遇与女性克隆社会是推想；不可作为性别本质论证据,https://sf-encyclopedia.com/entry/tiptree_james_jr,来源支持书目年代与题材；底层议题、分支交叉标签和主体时间粗分为研究者解释，不是来源原句。
early54,模式之主,Patternmaster,奥克塔维娅·E. 巴特勒,1976,1976年首本；出版顺序上首作，故事顺序上为模式师系列末端,英语·美国,长篇,科幻作品,权力与制度 | 生命与人类定义 | 性别与亲密,后人类 | 社会科幻,遥远未来的心灵网络等级社会,待核,本部位于遥远未来；整个模式师系列背景从17世纪起，未计入主体时长,增强的沟通能力为何也可能成为比传统暴力更彻底的支配手段？,强反事实设定,心灵感应网络与超感官统治未获科学证实,https://sf-encyclopedia.com/entry/butler_octavia,来源支持书目年代与题材；底层议题、分支交叉标签和主体时间粗分为研究者解释，不是来源原句。
extra10,时间边缘的女人（暂译）,Woman on the Edge of Time,Marge Piercy,1976,1976较短版及同年扩写长篇。,英语·英美出版语境,长篇,科幻作品,性别与亲密 | 权力与制度 | 知识与认识,女性主义科幻 | 乌托邦 | 时间旅行,1970年代与可能的未来社会,多尺度或非线性,相隔百余年的可能未来；连接的真实性保留歧义,谁有权定义正常、决定治疗并占有女性的身体？,混合或不适用,未来交流可能亦是幻觉；不宜以单一时间机器机制判定。,https://sf-encyclopedia.com/entry/piercy_marge,链接支持年代与设定；议题、跨度粗分与科学前提标签为研究者解释，未逐页计时。
global05,小灵通漫游未来,小灵通漫游未来,叶永烈,1978,1978年首版；后续1984、2012续作不并入本条。,中文／中华人民共和国少儿科幻,中篇,科幻作品,技术与责任 | 文明与历史,乌托邦 | 机器人与人工智能,可亲历的未来日常,日—月,未来城市游历及人物前史；最大背景时域待核,技术便利如何被叙述成普通家庭能够共享的社会进步？,混合或不适用,家务机器人等可分别外推，人工太阳、空中公路等需区分不同机制。,https://sf-encyclopedia.com/entry/ye_yonglie,来源核对书目与主要设定；底层问题、分支和科学标签为本报告的解释，时长为粗粒度阅读地图。 最大时间视野为粗分；标待核处未完成逐页计时核对。
early55,亲缘,Kindred,奥克塔维娅·E. 巴特勒,1979,1979年首本；作者及评论界对其科幻/奇幻边界定位有差异,英语·美国,长篇,科幻作品,时间与因果 | 殖民与他者 | 性别与亲密,时间旅行 | 社会科幻 | 女性主义科幻,1976年与1815年起的奴隶制美国,多尺度或非线性,1976年与1815年起的奴隶制美国，跨约160年和多代血缘,后代对自身起源的依赖，是否会使个人被迫维护压迫祖先的历史？,强反事实设定,无技术解释的往返时间旅行；历史身体经验为核心,https://sf-encyclopedia.com/entry/butler_octavia,来源支持书目年代与题材；底层议题、分支交叉标签和主体时间粗分为研究者解释，不是来源原句。
global06,飞向人马座,飞向人马座,郑文光,1979,1979年首版；“中国第一部科幻长篇”说法有范围争议。,中文／中华人民共和国科幻,长篇,科幻作品,生存与风险 | 技术与责任,硬科幻 | 太空歌剧,近未来载人航天,待核,星际远航与返航；最大背景时域待核,在政治竞争制造的技术风险中，知识与团队信任如何维持生存？,依赖未证技术,黑洞作为可控制能源和返航条件需要远超现有工程的前提。,https://sf-encyclopedia.com/entry/zheng_wenguang,SFE核对1979年、冷战误航与黑洞能源设定；航行精确时长待核。 最大时间视野为粗分；标待核处未完成逐页计时核对。
global07,城三部曲,城：五玉蝶／龙城飞将／一羽毛,张系国（Chang Shi-kuo）,1983,三卷分别1983、1986、1991；1980年《铜像城》为相关先行短篇。,中文／台湾与跨太平洋华文文学,系列,科幻作品,文明与历史 | 权力与制度 | 殖民与他者,社会科幻 | 太空歌剧,虚构行星与历史层累,待核,行星文明的殖民与政治分裂史；跨代背景总年数待核,一个文明的记忆如何在征服、迁徙与权力重写中保存？,混合或不适用,行星传奇与历史寓言并置；科学预测不是主要价值。,https://sf-encyclopedia.com/entry/chang_shi-kuo,SFE支持卷目、年份与政治寓言；作者文学语境不以单一国籍替代，跨度待核。 最大时间视野为粗分；标待核处未完成逐页计时核对。
global41,帝国劫运（暂译）,Kalpa Imperial,安赫莉卡·戈罗迪施,1983,1983年开始两卷出版；第二卷1983／1984有书目差异；2003英译合刊。,西班牙语／阿根廷幻想文学,组篇小说,混合与边界参照,文明与历史 | 权力与制度 | 知识与认识,新怪谭与混合类型,没有对应现实年代的帝国,千年—文明史,多次帝国兴亡的跨世纪／千年口述史，精确总年数未明,谁讲述帝国历史，谁就有权把偶然的统治包装成必然吗？,混合或不适用,无魔法历史奇幻／寓言边界样本；不将它归作科学机制驱动的核心科幻。,https://smallbeerpress.com/books/2003/08/15/kalpa-imperial/ | https://smallbeerpress.com/20-questions-with-angelica-gorodischer/ | https://smallbeerpress.com/not-a-journal/2023/08/30/give-it-a-look/,边界参照：出版社明示fantasy，无争议核心科幻统计应默认排除此条。1983及帝国故事由出版社和作者访谈支持；文明议题是报告解释。第二卷年份差异和精确总跨度保留待核。
modern01,神经漫游者,Neuromancer,William Gibson,1984,原首版1984。,英语／美国—加拿大,长篇,科幻作品,主体与意识 | 资本与劳动 | 权力与制度,赛博朋克 | 机器人与人工智能 | 后人类,未定年的近未来,日—月,近未来主线；人物此前经历与文明背景未量化,当意识、身体和信息都成为商品，个人还拥有什么自主权？,依赖未证技术,脑机沉浸与强人工智能承担关键作用；社会观察可另行检验。,https://sf-encyclopedia.com/entry/gibson_william,SFE核实原首版年份、书目形态及主要题材；中文检索译名、底层议题、时域粗分和科学假设等级为研究者整理，未逐页统计情节。
extra11,安德的游戏,Ender's Game,Orson Scott Card,1985,1977短篇原型；1985大幅扩写长篇。,英语·英美出版语境,长篇,科幻作品,技术与责任 | 殖民与他者 | 权力与制度,军事科幻 | 第一接触,未来地球与星际战争,年—一生,儿童成长数年；尾声和相对论旅行延伸更远,将战争包装成训练，是否可以转移决策者对暴力的责任？,强反事实设定,瞬时星际通信是关键虚构前提；训练与组织机制另评。,https://sf-encyclopedia.com/entry/card_orson_scott,链接支持年代与设定；议题、跨度粗分与科学前提标签为研究者解释，未逐页计时。
modern03,分裂矩阵（暂译）,Schismatrix,Bruce Sterling,1985,原首版1985；1996 Schismatrix Plus为小说及关联故事合刊。,英语／美国,长篇,科幻作品,生命与人类定义 | 权力与制度 | 文明与历史,赛博朋克 | 生物朋克 | 后人类 | 太空歌剧,未来太阳系的人类分化时代,多代—百年,数世纪后人类分化史（粗分）,人类能主动改造自身以后，进化会成为政治选择吗？,依赖未证技术,生物改造与机械增强并置；长寿、后人类能力依赖技术假设。,https://sf-encyclopedia.com/entry/sterling_bruce,SFE核实原首版年份、书目形态及主要题材；中文检索译名、底层议题、时域粗分和科学假设等级为研究者整理，未逐页统计情节。
modern15,使女的故事,The Handmaid's Tale,Margaret Atwood,1985,加拿大首版1985，英国版1986；不能用1987获奖年代替首版。,英语／加拿大,长篇,科幻作品,权力与制度 | 性别与亲密 | 生命与人类定义,反乌托邦 | 女性主义科幻 | 社会科幻,近未来吉列德；更晚的学术附录,多尺度或非线性,个人经历与约两百年后的研究框架,国家以生殖危机为理由时，身体如何被转化为制度资源？,近现实外推,核心是既有压迫机制的制度重组；不是精确年份预测。,https://sf-encyclopedia.com/entry/atwood_margaret,SFE核实原首版年份、书目形态及主要题材；中文检索译名、底层议题、时域粗分和科学假设等级为研究者整理，未逐页统计情节。
modern13,黎明,Dawn,Octavia E. Butler,1987,原首版1987；Xenogenesis首卷，后合刊Lilith's Brood。,英语／美国,长篇,科幻作品,生命与人类定义 | 性别与亲密 | 殖民与他者,女性主义科幻 | 生物朋克 | 第一接触 | 后人类,核灾后；外星人唤醒幸存者,年—一生,人类灾变、休眠与重启；休眠实际年代待核,如果救援要求改变物种与繁殖方式，被救者的同意还能否自由？,依赖未证技术,跨物种基因交换、长时休眠与外星救援为关键假设。,https://sf-encyclopedia.com/entry/butler_octavia,SFE核实原首版年份、书目形态及主要题材；中文检索译名、底层议题、时域粗分和科学假设等级为研究者整理，未逐页统计情节。
modern04,网络中的岛屿（暂译）,Islands in the Net,Bruce Sterling,1988,原首版1988。,英语／美国,长篇,科幻作品,资本与劳动 | 权力与制度 | 殖民与他者,后赛博朋克 | 社会科幻,近未来全球网络经济,年—一生,近未来人物与任务经历；网络秩序的历史长度未量化,连接世界的网络会消除边缘，还是让企业重新组织全球权力？,近现实外推,网络化企业和政治冲突可作近现实制度推演；具体事件为虚构。,https://sf-encyclopedia.com/entry/sterling_bruce,SFE核实原首版年份、书目形态及主要题材；中文检索译名、底层议题、时域粗分和科学假设等级为研究者整理，未逐页统计情节。
modern10,游戏玩家,The Player of Games,Iain M. Banks,1988,原首版1988；Culture系列选本。,英语／英国,长篇,科幻作品,权力与制度 | 殖民与他者 | 技术与责任,太空歌剧 | 乌托邦 | 社会科幻,文化文明与其他星际国家,年—一生,数年任务量级；文化与帝国的更长背景史未量化,一个自认为自由的文明，有权用自己的价值改变另一个社会吗？,依赖未证技术,超光速、超级AI与后稀缺生产支撑制度实验。,https://sf-encyclopedia.com/entry/banks_iain_m,SFE核实原首版年份、书目形态及主要题材；中文检索译名、底层议题、时域粗分和科学假设等级为研究者整理，未逐页统计情节。
extra12,海伯利安,Hyperion,Dan Simmons,1989,本条仅1989首卷；续篇1990，后两卷1996—1997另计。,英语·英美出版语境,长篇,科幻作品,时间与因果 | 文明与历史 | 主体与意识,太空歌剧 | 机器人与人工智能 | 时间旅行,遥远未来的人类星际社会,多尺度或非线性,朝圣框架与各人多年、跨时域往事,不同生命经验能否共同解释一个技术和历史塑造的危机？,强反事实设定,星际传送与反向时间等装置需要重大反事实。,https://sf-encyclopedia.com/entry/simmons_dan,链接支持年代与设定；议题、跨度粗分与科学前提标签为研究者解释，未逐页计时。
modern02,差分机,The Difference Engine,William Gibson; Bruce Sterling,1990,原首版1990。,英语／美国—加拿大,长篇,科幻作品,权力与制度 | 技术与责任 | 文明与历史,平行世界与另类历史 | 反乌托邦 | 蒸汽朋克,架空19世纪英国,多尺度或非线性,19世纪工业史分歧至主线；远期尾声的具体年代待核,如果信息革命早于电气时代，计算会解放社会还是强化统治？,强反事实设定,巴贝奇机器成功改变历史是反事实起点；蒸汽朋克另见备注。,https://sf-encyclopedia.com/entry/gibson_william,SFE核实原首版年份、书目形态及主要题材；中文检索译名、底层议题、时域粗分和科学假设等级为研究者整理，未逐页统计情节。
modern11,武器的使用,Use of Weapons,Iain M. Banks,1990,原首版1990；Culture系列选本。,英语／英国,长篇,科幻作品,技术与责任 | 殖民与他者 | 权力与制度,太空歌剧 | 乌托邦 | 军事科幻,文化文明时代；交错回溯,多尺度或非线性,交错回溯人物往事与当前任务；回溯年数待核,为更好的社会使用暴力，能否消除施暴者与干预者的责任？,依赖未证技术,文化文明基础技术未证；伦理冲突来自介入政治。,https://sf-encyclopedia.com/entry/banks_iain_m,SFE核实原首版年份、书目形态及主要题材；中文检索译名、底层议题、时域粗分和科学假设等级为研究者整理，未逐页统计情节。
modern05,合成人（暂译）,Synners,Pat Cadigan,1991,原首版1991。,英语／美国—英国,长篇,科幻作品,主体与意识 | 资本与劳动 | 生存与风险,赛博朋克 | 后人类 | 机器人与人工智能,近未来城市与娱乐产业,日—月,近未来接口危机；更长背景史未量化,当媒介直接接入神经，谁为身体与网络之间的故障负责？,依赖未证技术,神经接口与跨越人脑、计算机的病毒是关键未证机制。,https://sf-encyclopedia.com/entry/cadigan_pat,SFE核实原首版年份、书目形态及主要题材；中文检索译名、底层议题、时域粗分和科学假设等级为研究者整理，未逐页统计情节。
modern06,雪崩,Snow Crash,Neal Stephenson,1992,原首版1992。,英语／美国,长篇,科幻作品,知识与认识 | 资本与劳动 | 权力与制度,赛博朋克 | 反乌托邦,近未来私有化美国,日—月,近未来事件追溯早期人类语言史；追溯年数未量化,语言、代码与信仰若能同样控制人，文化自由如何成立？,强反事实设定,虚拟空间和企业治理可外推；语言直接感染神经的核心机制是强假设。,https://sf-encyclopedia.com/entry/stephenson_neal,SFE核实原首版年份、书目形态及主要题材；中文检索译名、底层议题、时域粗分和科学假设等级为研究者整理，未逐页统计情节。
modern17,火星三部曲,Mars Trilogy: Red Mars / Green Mars / Blue Mars,Kim Stanley Robinson,1992,Red Mars 1992、Green Mars 1993、Blue Mars 1996；1985同名中篇Green Mars不等于第二部长篇。,英语／美国,系列,科幻作品,生态与资源 | 权力与制度 | 殖民与他者,硬科幻 | 社会科幻 | 乌托邦,21世纪后期起的火星殖民与改造,多代—百年,三卷合计约两百年的行星建设与政治史,移居新星球意味着复制地球产权，还是有机会重新设计社会与生态关系？,依赖未证技术,行星改造、延寿与大规模殖民存在工程和生物学假设。,https://sf-encyclopedia.com/entry/robinson_kim_stanley,SFE核实原首版年份、书目形态及主要题材；中文检索译名、底层议题、时域粗分和科学假设等级为研究者整理，未逐页统计情节。
modern23,深渊上的火,A Fire Upon the Deep,Vernor Vinge,1992,原首版1992；不要将古老AI的年龄等同主要情节跨度。,英语／美国,长篇,科幻作品,生存与风险 | 主体与意识 | 文明与历史,太空歌剧 | 机器人与人工智能 | 第一接触,遥远未来的银河思想层区,年—一生,主要情节之外涉及沉睡五十亿年的古老AI遗产,智能能力如果改变生存规则，较弱文明如何在超级智能之间保留行动空间？,强反事实设定,思想层区随银河位置改变智能和光速限制，是刻意构造的物理规则。,https://sf-encyclopedia.com/entry/vinge_vernor,SFE核实原首版年份、书目形态及主要题材；中文检索译名、底层议题、时域粗分和科学假设等级为研究者整理，未逐页统计情节。
global28,盗梦侦探,パプリカ（Paprika）,筒井康隆,1993,1991—1993年连载，1993年日文单行本；2009年英译。,日语／日本科幻与实验文学,长篇,科幻作品,主体与意识 | 技术与责任 | 权力与制度,社会科幻 | 后人类 | 新怪谭与混合类型,近未来精神治疗,日—月,短期梦境治疗及人物前史；最大背景时域待核,治疗者进入他人梦境之后，谁仍能保护意识的私有边界？,依赖未证技术,共梦与直接进入梦境的装置未有这种成熟能力；现实脑机技术不能直接证明小说设定。,https://sf-encyclopedia.com/entry/tsutsui_yasutaka | https://cdn.waterstones.com/special/pdf/9781846880773.pdf,来源核对书目与主要设定；底层问题、分支和科学标签为本报告的解释，时长为粗粒度阅读地图。 最大时间视野为粗分；标待核处未完成逐页计时核对。
modern14,播种者寓言,Parable of the Sower,Octavia E. Butler,1993,原首版1993；后续Parable of the Talents为1998。,英语／美国,长篇,科幻作品,生态与资源 | 权力与制度 | 生存与风险,灾难与末世 | 社会科幻 | 气候科幻,21世纪早期社会崩解,年—一生,近未来数年生存经历；续卷延伸另计,制度失效时，人如何从个人求生重新建立可以共同生活的信念？,近现实外推,不平等、气候压力与社会崩解是情景外推；超共情能力仍是虚构设定。,https://sf-encyclopedia.com/entry/butler_octavia,SFE核实原首版年份、书目形态及主要题材；中文检索译名、底层议题、时域粗分和科学假设等级为研究者整理，未逐页统计情节。
modern21,置换城市／排列城市,Permutation City,Greg Egan,1994,原首版1994；关联短篇Dust发表于1992，不能代作小说首版。,英语／澳大利亚,长篇,科幻作品,主体与意识 | 知识与认识 | 生命与人类定义,硬科幻 | 后人类 | 机器人与人工智能,21世纪中叶至模拟世界深时,多尺度或非线性,21世纪地球与不断扩展的模拟时间；模拟终点年数待核,如果心智可以复制，连续性、物质载体与死亡分别还意味着什么？,强反事实设定,上传依赖未证技术；“尘埃理论”是小说本体论假说。,https://sf-encyclopedia.com/entry/egan_greg | https://www.gregegan.net/PERMUTATION/Permutation.html | https://gregegan.net/PERMUTATION/FAQ/FAQ.html,SFE核实原首版年份、书目形态及主要题材；中文检索译名、底层议题、时域粗分和科学假设等级为研究者整理，未逐页统计情节。
modern26,环（暂译）,Ring,Stephen Baxter,1994,原首版1994；Xeelee系列选本。,英语／英国,长篇,科幻作品,生存与风险 | 文明与历史 | 知识与认识,硬科幻 | 宇宙演化 | 太空歌剧 | 时间旅行,太阳命运至极遥远宇宙未来,百万年—宇宙尺度,太阳命运与极遥远宇宙未来；准确数量级待文本核对,物种的生存若取决于宇宙级过程，人类能否理解自己在其中的地位？,依赖未证技术,虫洞、时间机制及虚构暗物质生命构成宇宙尺度外推。,https://sf-encyclopedia.com/entry/baxter_stephen,SFE核实原首版年份、书目形态及主要题材；中文检索译名、底层议题、时域粗分和科学假设等级为研究者整理，未逐页统计情节。
global33,加尔各答染色体,"The Calcutta Chromosome: A Novel of Fevers, Delirium & Discovery",阿米塔夫·高希,1995,书目存在1995／1996版年差异，本条按WorldCat ©1995记录；SFE所记1992不采用，首版实体版次仍值得复核。,英语／印度与跨国文学,长篇,科幻作品,知识与认识 | 殖民与他者 | 生命与人类定义,社会科幻 | 生物朋克 | 新怪谭与混合类型,19世纪、1995年、21世纪初,多尺度或非线性,19世纪殖民医疗史至21世纪初，约百余年,科学发现的功劳归属是否遮蔽了被殖民者的知识与主体性？,混合或不适用,疟疾研究史与神秘转生机制混合；不可把题名染色体当作已验证生物机制。,https://amitavghosh.com/books/the-calcutta-chromosome/ | https://search.worldcat.org/title/1028864845,作者官网支持三时段叙事，WorldCat支持©1995；年代分歧明确保留，不据SFE单条断言。 最大时间视野为粗分；标待核处未完成逐页计时核对。
modern07,钻石年代,"The Diamond Age; or, A Young Lady's Illustrated Primer",Neal Stephenson,1995,原首版1995。,英语／美国,长篇,科幻作品,知识与认识 | 资本与劳动 | 权力与制度,后赛博朋克 | 社会科幻,纳米制造普及后的未来,年—一生,主角从童年成长；社会技术史未量化,物质可以免费制造以后，教育与文化资本会继续复制阶层吗？,依赖未证技术,通用纳米制造承担物质丰裕设定；教育不平等是制度问题。,https://sf-encyclopedia.com/entry/stephenson_neal,SFE核实原首版年份、书目形态及主要题材；中文检索译名、底层议题、时域粗分和科学假设等级为研究者整理，未逐页统计情节。
modern12,过剩（暂译）,Excession,Iain M. Banks,1996,原首版1996；Culture系列选本。,英语／英国,长篇,科幻作品,知识与认识 | 技术与责任 | 文明与历史,太空歌剧 | 机器人与人工智能 | 乌托邦,文化文明遭遇超出理解的实体,多尺度或非线性,当前危机、AI既往经历与多宇宙延伸；最大年数未量化,最强大的理性系统遇见自身无法建模的事物时，会怎样行动？,依赖未证技术,超级AI、超光速及跨宇宙实体均为设定。,https://sf-encyclopedia.com/entry/banks_iain_m,SFE核实原首版年份、书目形态及主要题材；中文检索译名、底层议题、时域粗分和科学假设等级为研究者整理，未逐页统计情节。
modern22,侨民,Diaspora,Greg Egan,1997,原首版1997。,英语／澳大利亚,长篇,科幻作品,生命与人类定义 | 知识与认识 | 生存与风险,硬科幻 | 后人类 | 宇宙演化,远未来数字生命及宇宙探索,百万年—宇宙尺度,远未来至漫长宇宙探索；最大年数未逐页核验,当身体和行星都不再限定生命，什么仍能让一种存在称为人类？,依赖未证技术,数字人格、高维穿越和宇宙灾变机制均含理论外推。,https://sf-encyclopedia.com/entry/egan_greg,SFE核实原首版年份、书目形态及主要题材；中文检索译名、底层议题、时域粗分和科学假设等级为研究者整理，未逐页统计情节。
modern31,你一生的故事,Story of Your Life,Ted Chiang,1998,1998首发Starlight 2；2002收入Stories of Your Life and Others。,英语／美国,中篇,科幻作品,时间与因果 | 知识与认识 | 性别与亲密,第一接触 | 硬科幻,当代接触事件与完整人生回望,多尺度或非线性,接触任务与女儿的一生交织，属于非线性叙事,知道生命的结局以后，自由选择与爱是否仍然有意义？,强反事实设定,通过外星语言获得非线性时间感知是强假设；不等于现实语言学结论。,https://sf-encyclopedia.com/entry/chiang_ted,SFE核实原首版年份、书目形态及主要题材；中文检索译名、底层议题、时域粗分和科学假设等级为研究者整理，未逐页统计情节。
modern24,天渊,A Deepness in the Sky,Vernor Vinge,1999,原首版1999；故事相对另一部的间距不是本书自身跨度。,英语／美国,长篇,科幻作品,资本与劳动 | 殖民与他者 | 权力与制度,硬科幻 | 太空歌剧 | 第一接触,深渊上的火约三万年前的慢速区,多代—百年,跨代遭遇；与A Fire Upon the Deep的设定位置相隔约三万年,把专注与才能变成劳动控制工具后，文明进步还有谁的自由？,依赖未证技术,亚光速航行与休眠支撑长期遭遇；异常恒星与心智控制均是设定。,https://sf-encyclopedia.com/entry/vinge_vernor,SFE核实原首版年份、书目形态及主要题材；中文检索译名、底层议题、时域粗分和科学假设等级为研究者整理，未逐页统计情节。
global08,流浪地球,流浪地球,刘慈欣,2000,2000年7月《科幻世界》；本条指小说而非2008年选集或电影。,中文／当代科幻,中篇,科幻作品,生存与风险 | 文明与历史 | 技术与责任,硬科幻 | 灾难与末世 | 太空歌剧,未来太阳危机与地球迁徙,年—一生,主体为个人经历，整体迁徙计划展望约数千年,文明在长期不可验证的灾难预警面前如何维持共同决策？,依赖未证技术,移动整颗地球的推进、结构和生命维持条件远超现有技术；太阳危机时序亦属设定。,https://sf-encyclopedia.com/entry/liu_cixin,SFE核对2000年发表及地球世界船设定；主体一代人的经历与数千年计划分开。 最大时间视野为粗分；标待核处未完成逐页计时核对。
modern28,启示空间,Revelation Space,Alastair Reynolds,2000,原首版2000；同一宇宙短篇此前已发表，系列跨度大于本卷。,英语／英国,长篇,科幻作品,生存与风险 | 知识与认识 | 文明与历史,硬科幻 | 太空歌剧 | 第一接触,数百年后的星际考古与航行,多代—百年,多次亚光速航程；久远失落文明的年代未量化,为何看不见繁盛的外星文明，探索遗迹是否可能唤醒危险？,依赖未证技术,航行保留亚光速限制；抑制者、纳米瘟疫与文明遗产仍是虚构。,https://sf-encyclopedia.com/entry/reynolds_alastair,SFE核实原首版年份、书目形态及主要题材；中文检索译名、底层议题、时域粗分和科学假设等级为研究者整理，未逐页统计情节。
extra13,副本,Altered Carbon,Richard K. Morgan,2002,2002英国原版；电视剧不计入本条。,英语·英美出版语境,长篇,科幻作品,主体与意识 | 资本与劳动 | 生命与人类定义,赛博朋克 | 后人类,约25世纪,日—月,当前调查与可延长生命的长期背景,当身体可替换而续命资源不平等，死亡与法律身份归谁决定？,依赖未证技术,完整人格存储及身体迁移未得到验证。,https://sf-encyclopedia.com/entry/morgan_richard,链接支持年代与设定；议题、跨度粗分与科学前提标签为研究者解释，未逐页计时。
modern27,进化,Evolution,Stephen Baxter,2002,原首版2002。,英语／英国,长篇,科幻作品,生命与人类定义 | 文明与历史 | 生存与风险,硬科幻 | 后人类,恐龙时代前后至人类之后的远未来,百万年—宇宙尺度,恐龙时代至人类之后的遥远未来，百万年以上量级,把人类放回漫长物种史后，智能还是进化的目的与胜利吗？,混合或不适用,古生物重建与未来进化想象并存；具体后人类谱系无法预测。,https://sf-encyclopedia.com/entry/baxter_stephen,SFE核实原首版年份、书目形态及主要题材；中文检索译名、底层议题、时域粗分和科学假设等级为研究者整理，未逐页统计情节。
modern16,羚羊与秧鸡,Oryx and Crake,Margaret Atwood,2003,原首版2003；MaddAddam三部曲首卷。,英语／加拿大,长篇,科幻作品,技术与责任 | 资本与劳动 | 生命与人类定义,生物朋克 | 灾难与末世 | 反乌托邦,近未来生物企业社会及灾后,多尺度或非线性,人物成长、灾变与灾后；数十年量级粗分,当改造生命受企业利益与个人完美主义支配，人类会怎样被替换？,依赖未证技术,高级合成生物、重造人种及设计瘟疫承担关键作用。,https://sf-encyclopedia.com/entry/atwood_margaret,SFE核实原首版年份、书目形态及主要题材；中文检索译名、底层议题、时域粗分和科学假设等级为研究者整理，未逐页统计情节。
global09,球状闪电,球状闪电,刘慈欣,2004,作者授权译介目录记2004；CiNii英译版权页转录记中文原版2005。本条按已知公开版本2004记录，单行本首版仍待直接核验原版版权页；2018为英译商版。,中文／当代科幻,长篇,科幻作品,知识与认识 | 技术与责任 | 生存与风险,硬科幻 | 军事科幻,近现代至近未来,年—一生,从主人公童年到成年科研与武器研发，约数十年,知识探索一旦进入武器体系，科学家能否拒绝其用途？,强反事实设定,宏观电子及相关量子效应是小说核心假设，不能因真实球状闪电现象而视为已证实。,https://media.paper-republic.org/files/09/10/PRFrankfurt2009.pdf | https://ci.nii.ac.jp/ncid/BC07930916.amp | https://us.macmillan.com/books/9780765394088/balllightning/,授权目录与馆藏版权转录存在年份差异；不将后续版权年份当作已确定的首次单行本年。议题、时间粗分与科学判断为本报告分析。
global11,红色海洋,红色海洋,韩松,2004,2004年单行本；中文各地出版与译介路径存在差异。,中文／当代科幻,长篇,科幻作品,生态与资源 | 生命与人类定义 | 文明与历史,生物朋克 | 灾难与末世 | 后人类,生态灾难后的海洋文明,多尺度或非线性,海洋文明及陆地文明前史；最大时域待核,为了适应灾难而改造人类时，幸存是否同时意味着失去人性？,依赖未证技术,水下适应的人体工程需多系统改造；设定兼具寓言性质。,https://sf-encyclopedia.com/entry/han_song,来源核对书目与主要设定；底层问题、分支和科学标签为本报告的解释，时长为粗粒度阅读地图。 最大时间视野为粗分；标待核处未完成逐页计时核对。
global42,世界树（暂译）,Ygdrasil,豪尔赫·巴拉迪特,2005,2005年智利版；2007西班牙版不作原作年。,西班牙语／智利科幻,长篇,科幻作品,资本与劳动 | 主体与意识 | 殖民与他者,赛博朋克 | 生物朋克 | 科学奇幻,日期未定的未来拉美,待核,未来人物与灵魂前史；最大背景时域待核,当身体甚至灵魂都成为技术资源，资本的剥削还有什么边界？,混合或不适用,生物网络与萨满灵魂技术并置，属于混合类型；不是既有神经技术的直接预测。,https://rchd.uc.cl/index.php/alch/article/download/36455/28391/91019 | https://riviste.fupress.net/index.php/iila/article/view/3288,大学文学研究支持首版年与赛博格、权力题材；主体历时待核。 最大时间视野为粗分；标待核处未完成逐页计时核对。
modern44,莫失莫忘／别让我走,Never Let Me Go,Kazuo Ishiguro,2005,原首版2005。,英语／英国,长篇,科幻作品,生命与人类定义 | 权力与制度 | 性别与亲密,反乌托邦 | 生物朋克 | 平行世界与另类历史,架空1990年代英国与童年回忆,年—一生,童年到31岁的人生回望；架空过去的制度前史,一个社会把某些生命定义为他人的医疗资源时，温柔教育会怎样掩盖剥夺？,强反事实设定,克隆供体制度置于架空过去；不能简单归为未来预言。,https://sf-encyclopedia.com/entry/ishiguro_kazuo,SFE核实原首版年份、书目形态及主要题材；中文检索译名、底层议题、时域粗分和科学假设等级为研究者整理，未逐页统计情节。
modern25,彩虹尽头,Rainbows End,Vernor Vinge,2006,原首版2006；标题原文无撇号。,英语／美国,长篇,科幻作品,知识与认识 | 主体与意识 | 权力与制度,后赛博朋克 | 机器人与人工智能,近未来圣迭戈,日—月,近未来事件与主角此前一生；无已核实的更长时域,人人可以随时调用信息时，谁决定人能够相信和感知什么？,依赖未证技术,普及增强现实有现实参照；阿尔茨海默病恢复及大规模心智操控为关键假设。,https://sf-encyclopedia.com/entry/vinge_vernor,SFE核实原首版年份、书目形态及主要题材；中文检索译名、底层议题、时域粗分和科学假设等级为研究者整理，未逐页统计情节。
modern30,盲视,Blindsight,Peter Watts,2006,原首版2006。,英语／加拿大,长篇,科幻作品,主体与意识 | 知识与认识 | 生存与风险,硬科幻 | 第一接触 | 后人类,21世纪后期的太阳系外缘接触,年—一生,接触任务及返回／传回叙事的航程；前史未量化,高度智能是否需要主观意识，意识会不会只是演化上的成本？,依赖未证技术,“无意识高智能”是待检验的哲学与认知假说；增强人、复原吸血者及航行技术亦未证。,https://sf-encyclopedia.com/entry/watts_peter,SFE核实原首版年份、书目形态及主要题材；中文检索译名、底层议题、时域粗分和科学假设等级为研究者整理，未逐页统计情节。
global13,蚁生,蚁生,王晋康,2007,2007年福建人民出版社单行本；更早节本发表与修订不作同一完整版本。,中文／当代科幻,长篇,科幻作品,生命与人类定义 | 权力与制度 | 技术与责任,社会科幻 | 生物朋克 | 乌托邦 | 反乌托邦,文革时期与后来回望,年—一生,政治时代回忆与社会实验过程；最大背景年数待核,被化学强制制造的利他行为还能称为道德选择吗？,依赖未证技术,单一蚁素改变复杂人类价值取向是生物学假设；集体治理后果另作社会分析。,https://journals.openedition.org/chinaperspectives/6618?file=1,研究原文支持出版年、蚁素实验和文革／改革时期框架；问题与科学标签为解释。 最大时间视野为粗分；标待核处未完成逐页计时核对。
global29,虐杀器官,虐殺器官（Gyakusatsu Kikan）,伊藤计划（Project Itoh）,2007,2007年6月日文单行本，2010年文库版；2012年英译。,日语／日本科幻,长篇,科幻作品,殖民与他者 | 权力与制度 | 技术与责任,军事科幻 | 反乌托邦 | 社会科幻,反恐战争延展的近未来,待核,反恐战争的既往事件至近未来行动；最大背景时域待核,少数社会的安全为何能够以输出大规模暴力为代价？,强反事实设定,能以特定语言结构直接激活群体虐杀的机制是虚构前提，不能当作语言学结论。,https://cir.nii.ac.jp/crid/1971430859796647178 | https://www.litprom.de/media/hayakawa_web.pdf | https://books.google.com/books?vid=ISBN9781421550886 | https://www.ritsumei.ac.jp/acd/re/k-rsc/lcs/kiyou/pdf_25-1/RitsIILCS_25.1pp.173-197TAILLANDIER%20Denis.pdf,日语书目核对2007；VIZ出版简介支持反恐、监控和虐杀设定；立命馆论文分析语言机制。分支、科学标签和时域是报告解释，最长背景时域待核。 主体时长也待原文核对。
global10a,三体,三体,刘慈欣,2008,2006年连载；本条记录2008年中文单行本。,中文／当代科幻,长篇,科幻作品,知识与认识 | 技术与责任 | 殖民与他者,硬科幻 | 第一接触,20世纪历史与21世纪初接触情境,多尺度或非线性,主体行动与跨数十年的历史回忆；更远未来属于续卷,当基本实验与证据失去可信性，人类如何判断一个可能的外部威胁？,强反事实设定,三体动力学有现实基础；智子和信息能力是重大虚构装置。,https://ci.nii.ac.jp/ncid/BB20441473 | https://sf-encyclopedia.com/entry/liu_cixin | https://us.macmillan.com/books/9781466853447/thethreebodyproblem/ | https://www.nssc.cas.cn/myys/sytj/201510/t20151014_4438871.html,来源支持三卷书目与主要设定；首卷2006连载／2008单行本存在版本口径，目录分别记录。三卷拆分后的议题、跨度与科学判断为本报告的分析。
global10b,黑暗森林,三体Ⅱ：黑暗森林,刘慈欣,2008,2008年中文单行本；地球往事三部曲第二卷。,中文／当代科幻,长篇,科幻作品,生存与风险 | 文明与历史 | 权力与制度 | 殖民与他者,硬科幻 | 第一接触,危机纪元及两百年后的威慑时代,多代—百年,冬眠使个体经历与约两百年的外部历史分离,沟通、先发风险与威慑的特定条件下，文明如何避免互相毁灭？,强反事实设定,智子、材料与星际通信设定需独立假设；黑暗森林不是已验证行为定律。,https://ci.nii.ac.jp/ncid/BB20441473 | https://sf-encyclopedia.com/entry/liu_cixin | https://us.macmillan.com/books/9781466853447/thethreebodyproblem/ | https://www.nssc.cas.cn/myys/sytj/201510/t20151014_4438871.html,来源支持三卷书目与主要设定；首卷2006连载／2008单行本存在版本口径，目录分别记录。三卷拆分后的议题、跨度与科学判断为本报告的分析。
global34,逃离（暂译）,Escape,曼朱拉·帕德马纳班,2008,2008年Picador India首版；Hachette 2015为第二版。,英语／印度与侨民文学,长篇,科幻作品,性别与亲密 | 权力与制度 | 生命与人类定义,女性主义科幻 | 反乌托邦 | 社会科幻,女性遭灭绝后的未来独裁国,日—月,性别灭绝与克隆政权的一代前史至当下逃亡；总年数待核,复制技术去除生殖依赖后，父权暴力是否会变成对女性存在本身的消灭？,依赖未证技术,克隆将军体制属于社会与生殖工程假设，不能从现实克隆技术直接推导。,https://www.hachetteindia.com/Home/bookdetails/Info/9789351950141/escape | https://openlibrary.org/books/OL23166152M/Escape,来源核对书目与主要设定；底层问题、分支和科学标签为本报告的解释，时长为粗粒度阅读地图。 最大时间视野为粗分；标待核处未完成逐页计时核对。
global38,莫克西之地（暂译）,Moxyland,劳伦·比尤克斯（Lauren Beukes）,2008,2008年南非Jacana首版。,英语／南非都市文学,长篇,科幻作品,资本与劳动 | 权力与制度 | 主体与意识,赛博朋克 | 反乌托邦,近未来开普敦,日—月,近未来事件加人物前史；最大背景时域待核,当公民资格绑定商业网络，失去连接是否等于被剥夺社会存在？,近现实外推,企业平台、联网身份与生物监控可近现实外推；惩罚控制细节仍需区分。,https://sf-encyclopedia.com/entry/beukes_lauren,来源核对书目与主要设定；底层问题、分支和科学标签为本报告的解释，时长为粗粒度阅读地图。 最大时间视野为粗分；标待核处未完成逐页计时核对。
modern08,安纳森,Anathem,Neal Stephenson,2008,原首版2008。,英语／美国,长篇,科幻作品,知识与认识 | 文明与历史 | 时间与因果,硬科幻 | 平行世界与另类历史 | 第一接触,另一个世界Arbre的学者共同体,多尺度或非线性,多代知识传统与当前接触事件；平行时域未量化,隔离于日常社会的理性共同体，如何证明自己的世界观并承担公共责任？,强反事实设定,异世界哲学史与平行宇宙机制构成思想实验。,https://sf-encyclopedia.com/entry/stephenson_neal,SFE核实原首版年份、书目形态及主要题材；中文检索译名、底层议题、时域粗分和科学假设等级为研究者整理，未逐页统计情节。
modern29,太阳之屋,House of Suns,Alastair Reynolds,2008,原首版2008；包含更长族系历史的背景。,英语／英国,长篇,科幻作品,文明与历史 | 主体与意识 | 技术与责任,太空歌剧 | 后人类 | 宇宙演化,遥远未来的长期银河巡游,百万年—宇宙尺度,长期银河巡游与族系、文明兴亡；最大年数待核,寿命足以跨越文明兴亡以后，个体如何保存记忆并面对历史罪责？,依赖未证技术,长寿克隆、休眠与巨型航行工程为关键技术假设。,https://sf-encyclopedia.com/entry/reynolds_alastair,SFE核实原首版年份、书目形态及主要题材；中文检索译名、底层议题、时域粗分和科学假设等级为研究者整理，未逐页统计情节。
modern33,呼吸,Exhalation,Ted Chiang,2008,2008首发Eclipse Two；2009电子单篇；2019同名合集不是首发。,英语／美国,短篇,科幻作品,知识与认识 | 生存与风险 | 生命与人类定义,硬科幻 | 科学奇幻 | 宇宙演化,自成体系的气动生命宇宙,多尺度或非线性,一个发现过程指向宇宙熵增终局；终局年数未量化,生命理解自身不可逆的终结以后，知识与体验还值得追求吗？,强反事实设定,气动脑与异宇宙是反事实模型；借熵讨论有限性。,https://sf-encyclopedia.com/entry/chiang_ted,SFE核实原首版年份、书目形态及主要题材；中文检索译名、底层议题、时域粗分和科学假设等级为研究者整理，未逐页统计情节。
extra14,发条女孩,The Windup Girl,Paolo Bacigalupi,2009,2009单行本；与2006 The Yellow Card Man共享背景，不能混作首发。,英语·英美出版语境,长篇,科幻作品,生态与资源 | 资本与劳动 | 生命与人类定义,生物朋克 | 气候科幻 | 反乌托邦,生态退化后的未来曼谷,待核,资源枯竭与生物经济的长期背景；主体历时待核,对种子、能源和改造生命的所有权会怎样分配生存机会？,依赖未证技术,气候与生物经济风险可讨论；改造生命和能量技术须逐项评估。,https://sf-encyclopedia.com/entry/bacigalupi_paolo,链接支持年代与设定；议题、跨度粗分与科学前提标签为研究者解释，未逐页计时。
global10c,死神永生,三体Ⅲ：死神永生,刘慈欣,2010,2010年中文单行本；地球往事三部曲第三卷。,中文／当代科幻,长篇,科幻作品,生存与风险 | 文明与历史 | 时间与因果 | 生命与人类定义,硬科幻 | 宇宙演化 | 后人类,威慑时代至极远未来,百万年—宇宙尺度,历史回溯、冬眠与跳跃将视野推至宇宙末期；人物固有时间不同,个体的伦理选择怎样面对远超其寿命与理解能力的文明风险？,强反事实设定,维度武器、小宇宙与宇宙工程是重大反事实装置，不能当作实证物理。,https://ci.nii.ac.jp/ncid/BB20441473 | https://sf-encyclopedia.com/entry/liu_cixin | https://us.macmillan.com/books/9781466853447/thethreebodyproblem/ | https://www.nssc.cas.cn/myys/sytj/201510/t20151014_4438871.html,来源支持三卷书目与主要设定；首卷2006连载／2008单行本存在版本口径，目录分别记录。三卷拆分后的议题、跨度与科学判断为本报告的分析。
global12,地铁,地铁,韩松,2010,2010年关联故事集／组篇小说。,中文／当代科幻,组篇小说,科幻作品,资本与劳动 | 权力与制度 | 文明与历史,社会科幻 | 反乌托邦 | 新怪谭与混合类型,现代都市向封闭未来延展,多尺度或非线性,多篇故事的不同和异常时域；最大年数待核,基础设施为什么会从改善生活的工具转变为支配人的世界？,混合或不适用,超现实地铁社会服务于现代化寓言，不能用单一物理尺度评分。,https://sf-encyclopedia.com/entry/han_song,来源核对书目与主要设定；底层问题、分支和科学标签为本报告的解释，时长为粗粒度阅读地图。 最大时间视野为粗分；标待核处未完成逐页计时核对。
modern32,软件体的生命周期,The Lifecycle of Software Objects,Ted Chiang,2010,独立中篇首版2010；2019收入Exhalation合集。,英语／美国,中篇,科幻作品,主体与意识 | 技术与责任 | 资本与劳动,机器人与人工智能 | 社会科幻,近未来虚拟宠物产业,年—一生,数字生命的多年成长与平台兴衰,创造一个会学习的数字存在以后，照护责任能否随产品停服而终止？,依赖未证技术,数字人格与长期培养承担伦理实验；不能直接等同当前AI。,https://sf-encyclopedia.com/entry/chiang_ted,SFE核实原首版年份、书目形态及主要题材；中文检索译名、底层议题、时域粗分和科学假设等级为研究者整理，未逐页统计情节。
global15,北京折叠,北京折叠,郝景芳,2012,2012年网络发表；2014年中文刊物、2015年英译。,中文／当代科幻,中篇,科幻作品,资本与劳动 | 权力与制度 | 时间与因果,社会科幻 | 反乌托邦,近未来北京,日—月,48小时轮换之外还涉及家庭和代际前史；最大时域待核,当生存时间成为按阶层分配的资源，效率还能证明制度正当吗？,依赖未证技术,整座城市周期折叠是极端工程前提；时间贫困与阶层分隔可直接联系现实。,https://www.uncannymagazine.com/article/folding-beijing-2/ | https://www.cernet.edu.cn/rd/zi_xun/201608/t20160823_1441758.shtml,原文与CERNET转载核对；历时粗分依据几次城市轮替。 最大时间视野为粗分；标待核处未完成逐页计时核对。
global16,荒潮,荒潮,陈楸帆,2013,2013年中文首版；2019年英译／中文修订版需区分。,中文／当代科幻,长篇,科幻作品,资本与劳动 | 生态与资源 | 生命与人类定义 | 殖民与他者,赛博朋克 | 后人类 | 社会科幻,近未来电子垃圾岛,日—月,人物前史至近未来事件；最大背景时域待核,全球技术繁荣的废弃物与身体代价为什么由边缘劳动者承担？,依赖未证技术,电子垃圾产业来自现实；复杂人机融合和病毒效应需要额外技术前提。,https://sf-encyclopedia.com/entry/chen_qiufan | https://www.espp.com.tw/ctn.aspx?bc=7D000164-001,来源核对书目与主要设定；底层问题、分支和科学标签为本报告的解释，时长为粗粒度阅读地图。 最大时间视野为粗分；标待核处未完成逐页计时核对。
global17,时间之墟,时间之墟,宝树,2013,2013年连载，11月单行本；连载标题存在转录差异，保留主书名。,中文／当代科幻,长篇,科幻作品,时间与因果 | 权力与制度 | 主体与意识,时间旅行 | 社会科幻 | 灾难与末世,2012年起的全球时间循环,多尺度或非线性,循环起点后累积的主观记忆可超出物理日长；最大主观年数待核,当物质每天重置而记忆继续累积，劳动、法律与希望凭什么成立？,强反事实设定,全世界周期重置并选择性保留记忆是思维实验，非对撞实验的已知物理后果。,https://www.sanmin.com.tw/product/index/004184027 | https://search.worldcat.org/zh-tw/title/1330609639,来源核对书目与主要设定；底层问题、分支和科学标签为本报告的解释，时长为粗粒度阅读地图。 最大时间视野为粗分；标待核处未完成逐页计时核对。
modern34,辅助正义,Ancillary Justice,Ann Leckie,2013,原首版2013；Imperial Radch三部曲首卷。,英语／美国,长篇,科幻作品,主体与意识 | 殖民与他者 | 性别与亲密,太空歌剧 | 机器人与人工智能 | 社会科幻,数千年后的拉德奇帝国,多尺度或非线性,当前任务与过去事件交错；帝国前史未量化,意识曾分布在许多被征用的身体中时，“我”与帝国暴力怎样分开？,依赖未证技术,分布式舰船AI、人格植入与星际航行为核心设定。,https://sf-encyclopedia.com/entry/leckie_ann,SFE核实原首版年份、书目形态及主要题材；中文检索译名、底层议题、时域粗分和科学假设等级为研究者整理，未逐页统计情节。
extra15,火星救援,The Martian,Andy Weir,2014,本条记录2014 Crown商版；此前网络及电子版本参看来源，不能把2014当作全作品首次出现。,英语·英美出版语境,长篇,科幻作品,生存与风险 | 技术与责任,硬科幻,近未来载人火星任务,年—一生,约一年多的求生与救援；远背景未核,工程知识、合作与冗余如何共同支撑极端环境中的生存？,近现实外推,主要工程机制可讨论；开篇火星风暴的破坏力并非可靠物理外推。,https://sf-encyclopedia.com/entry/weir_andy | https://www.penguinrandomhouse.com/books/234102/the-martian-by-andy-weir/ | https://www.digitalhumanities.org/dhq/vol/15/4/000579/000579.html | https://www.nasa.gov/podcasts/on-a-mission/the-danger-of-going-to-mars/,链接支持年代与设定；议题、跨度粗分与科学前提标签为研究者解释，未逐页计时。
global18,童童的夏天,童童的夏天,夏笳,2014,2014年中文发表；同年Upgraded英译与Clarkesworld再刊；后续选集年不作原作年。,中文／当代科幻,短篇,科幻作品,技术与责任 | 性别与亲密 | 资本与劳动,社会科幻 | 机器人与人工智能,近未来家庭与老龄社会,日—月,主体一个夏天，延及老人一生和家庭前史,辅助技术能否让老年人从被照护对象重新成为提供照护的主体？,近现实外推,远程操控机器人与照护服务是可分解的现实工程方向，成熟度和成本仍受限制。,https://kenliu.name/translations/ | https://www.qikan.com.cn/article/bwzp20240313.html | https://en.wikipedia.org/wiki/Xia_Jia,译者官网确认2014英译，期刊页支持原文与体裁；中文原刊月依书目辅助核对。 最大时间视野为粗分；标待核处未完成逐页计时核对。
global36,潟湖（暂译）,Lagoon,恩内迪·奥科拉福,2014,2014年英国首版；2015年美国版。,英语／尼日利亚中心的非洲未来主义与侨民文学,长篇,科幻作品,殖民与他者 | 生态与资源 | 权力与制度,第一接触 | 社会科幻 | 科学奇幻,当代或近未来拉各斯,日—月,接触前城市和人物前史至接触后；最大背景时域待核,当外星接触发生在非洲都市，多种居民与非人生命如何共同决定未来？,混合或不适用,外星技术与非洲神话并置，不能仅按西方工程可行性定义价值。,https://nnedi.com/books/lagoon/ | https://sfrareview.org/2023/07/20/nnedi-okorafors-lagoon-queer-ecogothic-africanfuturism/,来源核对书目与主要设定；底层问题、分支和科学标签为本报告的解释，时长为粗粒度阅读地图。 最大时间视野为粗分；标待核处未完成逐页计时核对。
modern41,通往愤怒的小行星的漫长旅程,"The Long Way to a Small, Angry Planet",Becky Chambers,2014,2014自出版首版；2015 Hodder商业再版，不能以2015替代首版。,英语／美国,长篇,科幻作品,殖民与他者 | 性别与亲密 | 资本与劳动,太空歌剧 | 社会科幻 | 机器人与人工智能,多物种银河社会,年—一生,约一年工作旅程量级；多物种文明前史未量化,差异极大的生命如何一起工作，并形成不以同质化为条件的家？,依赖未证技术,虫洞施工、超光速与众多外星生命为便利叙事的设定。,https://sf-encyclopedia.com/entry/chambers_becky,SFE核实原首版年份、书目形态及主要题材；中文检索译名、底层议题、时域粗分和科学假设等级为研究者整理，未逐页统计情节。
modern46,第十一站,Station Eleven,Emily St. John Mandel,2014,原首版2014；电视改编不是本记录对象。,英语／加拿大—美国,长篇,科幻作品,文明与历史 | 生存与风险 | 性别与亲密,灾难与末世 | 社会科幻,大流行前后及二十年后,多尺度或非线性,灾变前人物史至灾变后二十年的主线,活下来以后，人类需要保存什么才能继续成为一个文明？,近现实外推,极端疫情与快速社会崩解构成虚构情景；不用于预测特定疫情。,https://sf-encyclopedia.com/entry/mandel_emily_st_john,SFE核实原首版年份、书目形态及主要题材；中文检索译名、底层议题、时域粗分和科学假设等级为研究者整理，未逐页统计情节。
global14,天年,天年,何夕,2015,2015年10月首版。,中文／当代科幻,长篇,科幻作品,生存与风险 | 文明与历史 | 知识与认识,硬科幻 | 灾难与末世,现代及近未来的宇宙灾难,待核,回溯地球生命及宇宙历史；具体回溯界限待核,面对超出日常经验的灭绝尺度，文明如何证明灾难并获得行动能力？,依赖未证技术,宇宙灾害与救赎机制属于小说假设；宇宙史尺度不等于主体情节时长。,https://culture.people.com.cn/n/2015/1016/c172318-27708076.html,同期出版采访支持2015、宇宙级灾难；主体时长需原文复核。 最大时间视野为粗分；标待核处未完成逐页计时核对。
global35,模糊机器：一次考核（暂译）,Ambiguity Machines: An Examination,范达娜·辛格,2015,2015年4月Tor.com短篇；2018同名故事集与本条不同。,英语／印度与侨民科幻,短篇,科幻作品,知识与认识 | 时间与因果 | 技术与责任,社会科幻 | 时间旅行 | 科学奇幻,多重机器与时空叙事,多尺度或非线性,多个机器故事的独立时域与非线性体验；最大时域待核,科学分类如何容纳那些改变分类者自身处境的装置？,混合或不适用,三种机器构成工程学与认识论寓言，其存在真假被有意悬置。,https://us.macmillan.com/books/9781466886520/ambiguitymachinesanexamination/,来源核对书目与主要设定；底层问题、分支和科学标签为本报告的解释，时长为粗粒度阅读地图。 最大时间视野为粗分；标待核处未完成逐页计时核对。
global37,宾蒂,Binti,恩内迪·奥科拉福,2015,2015年中篇册本；后两部2017、2018不计入本条主体历时。,英语／非洲未来主义与侨民文学,中篇,科幻作品,殖民与他者 | 性别与亲密 | 技术与责任,太空歌剧 | 第一接触 | 科学奇幻,星际大学时代,日—月,族群和战争前史至短期星际旅程；最大背景时域待核,进入跨文明教育体系是否必须放弃身体、故乡与族群知识？,依赖未证技术,星际交通与数学协调能力属虚构技术；文化翻译问题可现实参照。,https://sf-encyclopedia.com/entry/okorafor_nnedi,来源核对书目与主要设定；底层问题、分支和科学标签为本报告的解释，时长为粗粒度阅读地图。 最大时间视野为粗分；标待核处未完成逐页计时核对。
global43,奥米昆莱的女佣／触须（暂译）,La mucama de Omicunlé（英文：Tentacle）,丽塔·印第安娜,2015,2015年西语首版；2018年英文Tentacle。,西班牙语／多米尼加与加勒比跨国文学,长篇,混合与边界参照,生态与资源 | 性别与亲密 | 时间与因果 | 殖民与他者,气候科幻 | 时间旅行 | 科学奇幻,17世纪、当代与近未来加勒比,多尺度或非线性,17世纪殖民史至近未来加勒比生态灾难，跨数世纪,改变过去能否解除生态灾难与殖民、性别秩序缠绕的现在？,混合或不适用,生态灾难可现实讨论，时间穿越与非洲加勒比神灵构成超自然混合机制。,https://www.ipgbook.com/la-mucama-de-omicunl---products-9788416291083.php | https://search.worldcat.org/title/La-mucama-de-Omicunle/oclc/910557759,来源核对书目与主要设定；底层问题、分支和科学标签为本报告的解释，时长为粗粒度阅读地图。 最大时间视野为粗分；标待核处未完成逐页计时核对。
global44,我在等你,당신을 기다리고 있어（I’m Waiting for You）,金宝英（Kim Bo-young）,2015,2015年韩语Miracle Books版；2021英语同名选集包含其他中篇。,韩语／韩国科幻,中篇,科幻作品,性别与亲密 | 时间与因果 | 文明与历史,硬科幻 | 太空歌剧,常态星际旅行的未来,多尺度或非线性,个人旅程等待对应地球漫长变化；具体地球累计年数待核,当爱人经历不同速度的时间，承诺应以谁的时钟衡量？,依赖未证技术,相对论时间差有科学基础，常态化相对论星际运输和等待条件仍未实现。,https://londonkoreanlinks.net/wp-content/uploads/2017/06/PEN_Presents_East_Southeast_Asia.pdf | https://klwave.or.kr/klw/magazines/101/articleView.do,来源核对书目与主要设定；底层问题、分支和科学标签为本报告的解释，时长为粗粒度阅读地图。 最大时间视野为粗分；标待核处未完成逐页计时核对。
modern09,七夏娃,Seveneves,Neal Stephenson,2015,原首版2015。,英语／美国,长篇,科幻作品,生存与风险 | 生命与人类定义 | 权力与制度,硬科幻 | 灾难与末世 | 后人类,近未来灾变及五千年后,多尺度或非线性,灾变与避难阶段，然后跳跃五千年,物种被压缩到极少幸存者时，生存决策会怎样固化为后世秩序？,依赖未证技术,灾变触发为虚构；轨道工程、遗传方案与五千年文明演变含强外推。,https://sf-encyclopedia.com/entry/stephenson_neal,SFE核实原首版年份、书目形态及主要题材；中文检索译名、底层议题、时域粗分和科学假设等级为研究者整理，未逐页统计情节。
modern18,极光（暂译）,Aurora,Kim Stanley Robinson,2015,原首版2015。,英语／美国,长篇,科幻作品,生态与资源 | 生存与风险 | 技术与责任,硬科幻 | 社会科幻 | 机器人与人工智能,驶往鲸鱼座的世代飞船及返程,多代—百年,跨代航程及返程；数百年量级粗分,离开地球能否解决生态问题，还是把不可分割的生态关系带成新危机？,依赖未证技术,亚光速世代飞船与封闭生态系统是工程外推；不保证殖民可行。,https://sf-encyclopedia.com/entry/robinson_kim_stanley,SFE核实原首版年份、书目形态及主要题材；中文检索译名、底层议题、时域粗分和科学假设等级为研究者整理，未逐页统计情节。
modern35,第五季,The Fifth Season,N. K. Jemisin,2015,原首版2015；Broken Earth首卷；科幻／奇幻边界作品。,英语／美国,长篇,混合与边界参照,权力与制度 | 生态与资源 | 生命与人类定义,科学奇幻 | 灾难与末世 | 新怪谭与混合类型,周期性地质灾变的破碎大地,多尺度或非线性,同一生命不同阶段交错；行星深远历史未量化,社会依赖并奴役能控制灾难的人，灾难究竟来自自然还是秩序？,混合或不适用,地质、后人类与魔法技术交织；不宜当作硬科学预测。,https://sf-encyclopedia.com/entry/jemisin_n_k,SFE核实原首版年份、书目形态及主要题材；中文检索译名、底层议题、时域粗分和科学假设等级为研究者整理，未逐页统计情节。
modern36,时间之子,Children of Time,Adrian Tchaikovsky,2015,原首版2015；系列首卷，后续2019、2022。,英语／英国,长篇,科幻作品,生命与人类定义 | 殖民与他者 | 文明与历史,硬科幻 | 太空歌剧 | 第一接触 | 后人类,地球文明衰败后的远未来,千年—文明史,蜘蛛文明历代演化与跨代移民，千年量级粗分,人类创造出另一种智慧以后，会把它认作文明还是当作殖民障碍？,依赖未证技术,快速提升动物智能的病毒、长时休眠和行星改造均未证。,https://sf-encyclopedia.com/entry/tchaikovsky_adrian,SFE核实原首版年份、书目形态及主要题材；中文检索译名、底层议题、时域粗分和科学假设等级为研究者整理，未逐页统计情节。
global39,玫瑰水,Rosewater,泰德·汤普森,2016,2016年Apex首版；2018年Orbit再版；后续三部曲不混入本条。,英语／尼日利亚与英尼跨国科幻,长篇,科幻作品,殖民与他者 | 主体与意识 | 生态与资源,第一接触 | 生物朋克 | 社会科幻,约2066年尼日利亚及此前回忆,多尺度或非线性,2066年前后事件及数十年的接触与入侵过程；更早背景时域待核,外星修复身体的馈赠会不会也是重写人类世界的殖民过程？,依赖未证技术,外星生物网络、心灵连接和再生能力需要未证机制。,https://sf-encyclopedia.com/entry/thompson_tade,SFE支持2016及近未来接触／入侵；具体2066为作品常见设定、非精确预测。 最大时间视野为粗分；标待核处未完成逐页计时核对。
modern19,纽约2140,New York 2140,Kim Stanley Robinson,2017,原首版2017。,英语／美国,长篇,科幻作品,生态与资源 | 资本与劳动 | 权力与制度,气候科幻 | 社会科幻,2140年的沿海纽约,年—一生,2140年事件与此前气候变化史；前史未量化,气候灾难造成的损失与新增价值，最终由谁承担与占有？,近现实外推,海面上升为情景设定；具体幅度、时间及金融应对不可视为预测。,https://sf-encyclopedia.com/entry/robinson_kim_stanley,SFE核实原首版年份、书目形态及主要题材；中文检索译名、底层议题、时域粗分和科学假设等级为研究者整理，未逐页统计情节。
modern38,全系统警报（暂译）,All Systems Red,Martha Wells,2017,原首版2017；Murderbot Diaries首部中篇，不能写作长篇。,英语／美国,中篇,科幻作品,主体与意识 | 资本与劳动 | 技术与责任,机器人与人工智能 | 太空歌剧 | 后赛博朋克,企业控制的星际社会,日—月,单次安保任务与机器人既往经历；前史未量化,被制造出来服务人的智能，能否拒绝命令并选择自己的生活？,依赖未证技术,有自我意识的生物机械安保单元和星际技术为设定。,https://sf-encyclopedia.com/entry/wells_martha,SFE核实原首版年份、书目形态及主要题材；中文检索译名、底层议题、时域粗分和科学假设等级为研究者整理，未逐页统计情节。
modern39,自主（暂译）,Autonomous,Annalee Newitz,2017,原首版2017。,英语／美国,长篇,科幻作品,资本与劳动 | 主体与意识 | 性别与亲密,生物朋克 | 后赛博朋克 | 机器人与人工智能,22世纪企业统治的地球,日—月,22世纪追逐事件；灾变与契约的历史长度未量化,自主究竟是天生权利，还是专利和劳动合同能够买卖的资产？,依赖未证技术,工作成瘾药物与自觉机器人承担关键情节；专利制度冲突有现实参照。,https://sf-encyclopedia.com/entry/newitz_annalee,SFE核实原首版年份、书目形态及主要题材；中文检索译名、底层议题、时域粗分和科学假设等级为研究者整理，未逐页统计情节。
modern40,另一条时间线的未来（暂译）,The Future of Another Timeline,Annalee Newitz,2019,原首版2019。,英语／美国,长篇,科幻作品,时间与因果 | 权力与制度 | 性别与亲密,时间旅行 | 女性主义科幻 | 平行世界与另类历史,历史时期、1992及2022等时间线,多尺度或非线性,1992、2022及更早历史的双向编辑，跨世纪参照,历史改变由英雄决定，还是由长期集体行动打开可能性？,强反事实设定,自然时间机器及可改写时间线是反事实前提。,https://sf-encyclopedia.com/entry/newitz_annalee | https://academic.macmillan.com/academictrade/9780765392107/thefutureofanothertimeline/ | https://us.macmillan.com/books/9781250243539/thefutureofanothertimeline/,SFE核实原首版年份、书目形态及主要题材；中文检索译名、底层议题、时域粗分和科学假设等级为研究者整理，未逐页统计情节。
modern43,帝国记忆,A Memory Called Empire,Arkady Martine,2019,原首版2019；Teixcalaan首卷。,英语／美国,长篇,科幻作品,殖民与他者 | 主体与意识 | 权力与制度,太空歌剧 | 社会科幻 | 后人类,未来的特克斯卡兰帝国,日—月,当前外交危机与前任记忆；代际传承史未量化,热爱强势文明的文化，是否会让人自愿放弃本身的政治独立？,依赖未证技术,记忆人格嵌入与星际帝国为假设；文化同化问题可映照现实。,https://sf-encyclopedia.com/entry/martine_arkady,SFE核实原首版年份、书目形态及主要题材；中文检索译名、底层议题、时域粗分和科学假设等级为研究者整理，未逐页统计情节。
modern20,未来部,The Ministry for the Future,Kim Stanley Robinson,2020,原首版2020。,英语／美国,长篇,科幻作品,生态与资源 | 权力与制度 | 技术与责任,气候科幻 | 社会科幻 | 乌托邦,21世纪近未来的气候转型,年—一生,近未来若干十年的全球转型；起讫年待文本核对,未来世代没有选票时，谁能代表他们约束当代的碳排放与资本？,近现实外推,气候治理、货币与地球工程是组合情景；成功路径未经现实验证。,https://sf-encyclopedia.com/entry/robinson_kim_stanley | https://www.hachette.co.uk/titles/kim-stanley-robinson/the-ministry-for-the-future/9780356508856/,SFE核实原首版年份、书目形态及主要题材；中文检索译名、底层议题、时域粗分和科学假设等级为研究者整理，未逐页统计情节。
modern37,伊甸之门（暂译）,The Doors of Eden,Adrian Tchaikovsky,2020,原首版2020。,英语／英国,长篇,科幻作品,生命与人类定义 | 知识与认识 | 生存与风险,平行世界与另类历史 | 第一接触 | 后人类,当代故事及不同地球的演化史,多尺度或非线性,现代危机嵌入不同地球的百万年演化史（粗分）,如果生命史重走一次，智慧会以多少种人类无法预期的形式出现？,强反事实设定,平行地球与世界间通道是反事实前提；演化比较属于思想实验。,https://sf-encyclopedia.com/entry/tchaikovsky_adrian,SFE核实原首版年份、书目形态及主要题材；中文检索译名、底层议题、时域粗分和科学假设等级为研究者整理，未逐页统计情节。
global45,平衡锤（暂译）,평형추（Counterweight）,杜娜（Djuna，笔名）,2021,2021年韩语Alma版；2023英语译本。,韩语／韩国科幻,长篇,科幻作品,殖民与他者 | 资本与劳动 | 主体与意识,赛博朋克 | 后人类 | 社会科幻,太空电梯建设中的近未来岛屿,日—月,企业建立、记忆前史至建设太空电梯；最大背景时域待核,公司通过基础设施与移植记忆延续权力时，个人还能划出自己的边界吗？,依赖未证技术,太空电梯材料及记忆人格移植需要未实现的工程与神经科学前提。,https://www.penguinrandomhouse.com/books/712557/counterweight-by-djuna/ | https://www.nl.go.kr/kolisnet/search/searchResultAllList.do?keyword1=%ED%94%8C%EB%9E%98%EB%8B%9B&keywordType1=total&tab=ALL,来源核对书目与主要设定；底层问题、分支和科学标签为本报告的解释，时长为粗粒度阅读地图。 最大时间视野为粗分；标待核处未完成逐页计时核对。
modern42,为野生而造的诗篇（暂译）,A Psalm for the Wild-Built,Becky Chambers,2021,原首版2021；Monk and Robot首部中篇。,英语／美国,中篇,科幻作品,生态与资源 | 主体与意识 | 资本与劳动,乌托邦 | 机器人与人工智能 | 社会科幻 | 太阳朋克,机器人解放与生态修复后的未来,日—月,当前旅程＋机器人解放与生态修复的长期背景（未量化）,基本需求已获满足以后，人是否仍须通过有用与产出来证明价值？,依赖未证技术,自主机器人与成功生态转型是设定；核心是生活意义实验。,https://sf-encyclopedia.com/entry/chambers_becky | https://sf-encyclopedia.com/entry/solarpunk,SFE核实原首版年份、书目形态及主要题材；中文检索译名、底层议题、时域粗分和科学假设等级为研究者整理，未逐页统计情节。
modern45,克拉拉与太阳,Klara and the Sun,Kazuo Ishiguro,2021,原首版2021。,英语／英国,长篇,科幻作品,主体与意识 | 性别与亲密 | 生命与人类定义,机器人与人工智能 | 社会科幻 | 反乌托邦,未定年的近未来,年—一生,人工伙伴入家至退役的回忆；确切年数未核,一个被购买来爱人的人工伙伴，能否成为不可替代的关系主体？,依赖未证技术,有情感与有限认知的人工伙伴、儿童增强均为设定。,https://sf-encyclopedia.com/entry/ishiguro_kazuo,SFE核实原首版年份、书目形态及主要题材；中文检索译名、底层议题、时域粗分和科学假设等级为研究者整理，未逐页统计情节。
modern47,宁静海,Sea of Tranquility,Emily St. John Mandel,2022,原首版2022。,英语／加拿大—美国,长篇,科幻作品,时间与因果 | 知识与认识 | 性别与亲密,时间旅行 | 社会科幻 | 平行世界与另类历史,20世纪至未来月球殖民社会,多尺度或非线性,四个相隔世纪的时代；未来月球主线在约两百年后,当现实可能被模拟且历史可以访问，个体痛苦和善意是否因此失去真实性？,强反事实设定,时间旅行、现实异常与模拟问题构成叙事核心。,https://sf-encyclopedia.com/entry/mandel_emily_st_john,SFE核实原首版年份、书目形态及主要题材；中文检索译名、底层议题、时域粗分和科学假设等级为研究者整理，未逐页统计情节。
modern49,异星黏土（暂译）,Alien Clay,Adrian Tchaikovsky,2024,原首版2024；英国精装2024年3月，网页所列11月平装不是首版日期。,英语／英国,长篇,科幻作品,权力与制度 | 生命与人类定义 | 殖民与他者,第一接触 | 社会科幻 | 生物朋克,未来异星劳役殖民地Kiln,待核,囚徒经历与异星失落文明背景；实际跨度待核,统治者坚持生命只能符合既定分类时，新的生命结构能否成为反抗资源？,依赖未证技术,异星生态与智能形式是推测；劳役与思想控制是社会实验。,https://sf-encyclopedia.com/entry/tchaikovsky_adrian | https://www.panmacmillan.co.in/authors/adrian-tchaikovsky/alien-clay/9781035013753 | https://www.panmacmillan.com/authors/adrian-tchaikovsky/alien-clay/9781035013760,SFE核实年份与书目；出版社核实题材（Automatic Noodle亦明确中篇）；中文暂译、底层议题、故事时域与科学假设等级为研究者分类，未完成逐页时间统计。
modern48,自动面馆（暂译）,Automatic Noodle,Annalee Newitz,2025,2025年8月5日Tordotcom首版；出版社明确为novella。,英语／美国,中篇,科幻作品,资本与劳动 | 主体与意识 | 权力与制度,机器人与人工智能 | 后赛博朋克 | 社会科幻,近未来战争后的旧金山,日—月,战后背景与开店过程；实际起讫时间待核,曾作为劳动工具的机器，怎样拥有生产成果、城市位置与彼此照护？,依赖未证技术,自觉餐饮机器人为假设；平台经营与劳动自治提供现实参照。,https://sf-encyclopedia.com/entry/newitz_annalee | https://academic.macmillan.com/academictrade/9781250357465/automaticnoodle/ | https://www.panmacmillan.com.au/9781250440426/,SFE核实年份与书目；出版社核实题材（Automatic Noodle亦明确中篇）；中文暂译、底层议题、故事时域与科学假设等级为研究者分类，未完成逐页时间统计。
modern50,帷幕（暂译）,Shroud,Adrian Tchaikovsky,2025,原首版2025；英国电子及有声版2025年2月27日。,英语／英国,长篇,科幻作品,知识与认识 | 殖民与他者 | 生存与风险,硬科幻 | 第一接触 | 太空歌剧,未来商业星际探索中的黑暗卫星,待核,当前求生过程与异星历史视角；实际跨度待核,当另一种生命不共享人的感官和生存条件，探索者怎样从利用转向理解？,依赖未证技术,星际商业航行与异星生物推测；极端环境约束塑造接触。,https://sf-encyclopedia.com/entry/tchaikovsky_adrian | https://www.panmacmillan.com/authors/adrian-tchaikovsky/shroud/9781035013838 | https://www.panmacmillan.com/authors/adrian-tchaikovsky/shroud/9781035013821,SFE核实年份与书目；出版社核实题材（Automatic Noodle亦明确中篇）；中文暂译、底层议题、故事时域与科学假设等级为研究者分类，未完成逐页时间统计。
